timestamp,sensor_id,name,unit,area,value,is_anomaly
2026-10-01 00:00:00,P-101,Reactor Pressure,bar,Reactor Area,66.44,False
2026-10-01 00:05:00,P-101,Reactor Pressure,bar,Reactor Area,64.39,False
2026-10-01 00:10:00,P-101,Reactor Pressure,bar,Reactor Area,71.29,False
2026-10-01 00:15:00,P-101,Reactor Pressure,bar,Reactor Area,60.73,False
2026-10-01 00:20:00,P-101,Reactor Pressure,bar,Reactor Area,65.8,False
2026-10-01 00:25:00,P-101,Reactor Pressure,bar,Reactor Area,69.71,False
2026-10-01 00:30:00,P-101,Reactor Pressure,bar,Reactor Area,58.9,False
2026-10-01 00:35:00,P-101,Reactor Pressure,bar,Reactor Area,73.53,False
2026-10-01 00:40:00,P-101,Reactor Pressure,bar,Reactor Area,63.39,False
2026-10-01 00:45:00,P-101,Reactor Pressure,bar,Reactor Area,70.43,False
2026-10-01 00:50:00,P-101,Reactor Pressure,bar,Reactor Area,67.55,False
2026-10-01 00:55:00,P-101,Reactor Pressure,bar,Reactor Area,66.27,False
2026-10-01 01:00:00,P-101,Reactor Pressure,bar,Reactor Area,68.56,False
2026-10-01 01:05:00,P-101,Reactor Pressure,bar,Reactor Area,68.32,False
2026-10-01 01:10:00,P-101,Reactor Pressure,bar,Reactor Area,70.97,False
2026-10-01 01:15:00,P-101,Reactor Pressure,bar,Reactor Area,62.73,False
2026-10-01 01:20:00,P-101,Reactor Pressure,bar,Reactor Area,68.21,False
2026-10-01 01:25:00,P-101,Reactor Pressure,bar,Reactor Area,67.8,False
2026-10-01 01:30:00,P-101,Reactor Pressure,bar,Reactor Area,61.27,False
2026-10-01 01:35:00,P-101,Reactor Pressure,bar,Reactor Area,71.05,False
2026-10-01 01:40:00,P-101,Reactor Pressure,bar,Reactor Area,65.3,False
2026-10-01 01:45:00,P-101,Reactor Pressure,bar,Reactor Area,59.38,False
2026-10-01 01:50:00,P-101,Reactor Pressure,bar,Reactor Area,67.43,False
2026-10-01 01:55:00,P-101,Reactor Pressure,bar,Reactor Area,70.72,False
2026-10-01 02:00:00,P-101,Reactor Pressure,bar,Reactor Area,73.62,False
2026-10-01 02:05:00,P-101,Reactor Pressure,bar,Reactor Area,65.41,False
2026-10-01 02:10:00,P-101,Reactor Pressure,bar,Reactor Area,94.93,True
2026-10-01 02:15:00,P-101,Reactor Pressure,bar,Reactor Area,73.08,False
2026-10-01 02:20:00,P-101,Reactor Pressure,bar,Reactor Area,67.29,False
2026-10-01 02:25:00,P-101,Reactor Pressure,bar,Reactor Area,70.84,False
2026-10-01 02:30:00,P-101,Reactor Pressure,bar,Reactor Area,66.48,False
2026-10-01 02:35:00,P-101,Reactor Pressure,bar,Reactor Area,72.54,False
2026-10-01 02:40:00,P-101,Reactor Pressure,bar,Reactor Area,79.56,False
2026-10-01 02:45:00,P-101,Reactor Pressure,bar,Reactor Area,76.64,False
2026-10-01 02:50:00,P-101,Reactor Pressure,bar,Reactor Area,67.67,False
2026-10-01 02:55:00,P-101,Reactor Pressure,bar,Reactor Area,66.07,False
2026-10-01 03:00:00,P-101,Reactor Pressure,bar,Reactor Area,73.15,False
2026-10-01 03:05:00,P-101,Reactor Pressure,bar,Reactor Area,65.49,False
2026-10-01 03:10:00,P-101,Reactor Pressure,bar,Reactor Area,76.34,False
2026-10-01 03:15:00,P-101,Reactor Pressure,bar,Reactor Area,69.94,False
2026-10-01 03:20:00,P-101,Reactor Pressure,bar,Reactor Area,71.12,False
2026-10-01 03:25:00,P-101,Reactor Pressure,bar,Reactor Area,73.48,False
2026-10-01 03:30:00,P-101,Reactor Pressure,bar,Reactor Area,65.96,False
2026-10-01 03:35:00,P-101,Reactor Pressure,bar,Reactor Area,76.36,False
2026-10-01 03:40:00,P-101,Reactor Pressure,bar,Reactor Area,73.18,False
2026-10-01 03:45:00,P-101,Reactor Pressure,bar,Reactor Area,77.41,False
2026-10-01 03:50:00,P-101,Reactor Pressure,bar,Reactor Area,63.6,False
2026-10-01 03:55:00,P-101,Reactor Pressure,bar,Reactor Area,71.72,False
2026-10-01 04:00:00,P-101,Reactor Pressure,bar,Reactor Area,110.24,True
2026-10-01 04:05:00,P-101,Reactor Pressure,bar,Reactor Area,76.84,False
2026-10-01 04:10:00,P-101,Reactor Pressure,bar,Reactor Area,62.47,False
2026-10-01 04:15:00,P-101,Reactor Pressure,bar,Reactor Area,74.8,False
2026-10-01 04:20:00,P-101,Reactor Pressure,bar,Reactor Area,71.01,False
2026-10-01 04:25:00,P-101,Reactor Pressure,bar,Reactor Area,73.52,False
2026-10-01 04:30:00,P-101,Reactor Pressure,bar,Reactor Area,68.88,False
2026-10-01 04:35:00,P-101,Reactor Pressure,bar,Reactor Area,73.03,False
2026-10-01 04:40:00,P-101,Reactor Pressure,bar,Reactor Area,75.06,False
2026-10-01 04:45:00,P-101,Reactor Pressure,bar,Reactor Area,77.45,False
2026-10-01 04:50:00,P-101,Reactor Pressure,bar,Reactor Area,64.71,False
2026-10-01 04:55:00,P-101,Reactor Pressure,bar,Reactor Area,72.66,False
2026-10-01 05:00:00,P-101,Reactor Pressure,bar,Reactor Area,70.12,False
2026-10-01 05:05:00,P-101,Reactor Pressure,bar,Reactor Area,64.25,False
2026-10-01 05:10:00,P-101,Reactor Pressure,bar,Reactor Area,65.28,False
2026-10-01 05:15:00,P-101,Reactor Pressure,bar,Reactor Area,64.92,False
2026-10-01 05:20:00,P-101,Reactor Pressure,bar,Reactor Area,63.18,False
2026-10-01 05:25:00,P-101,Reactor Pressure,bar,Reactor Area,70.77,False
2026-10-01 05:30:00,P-101,Reactor Pressure,bar,Reactor Area,68.99,False
2026-10-01 05:35:00,P-101,Reactor Pressure,bar,Reactor Area,67.79,False
2026-10-01 05:40:00,P-101,Reactor Pressure,bar,Reactor Area,65.26,False
2026-10-01 05:45:00,P-101,Reactor Pressure,bar,Reactor Area,71.09,False
2026-10-01 05:50:00,P-101,Reactor Pressure,bar,Reactor Area,65.47,False
2026-10-01 05:55:00,P-101,Reactor Pressure,bar,Reactor Area,72.35,False
2026-10-01 06:00:00,P-101,Reactor Pressure,bar,Reactor Area,68.81,False
2026-10-01 06:05:00,P-101,Reactor Pressure,bar,Reactor Area,67.77,False
2026-10-01 06:10:00,P-101,Reactor Pressure,bar,Reactor Area,67.64,False
2026-10-01 06:15:00,P-101,Reactor Pressure,bar,Reactor Area,74.05,False
2026-10-01 06:20:00,P-101,Reactor Pressure,bar,Reactor Area,71.25,False
2026-10-01 06:25:00,P-101,Reactor Pressure,bar,Reactor Area,72.44,False
2026-10-01 06:30:00,P-101,Reactor Pressure,bar,Reactor Area,62.32,False
2026-10-01 06:35:00,P-101,Reactor Pressure,bar,Reactor Area,65.29,False
2026-10-01 06:40:00,P-101,Reactor Pressure,bar,Reactor Area,67.86,False
2026-10-01 06:45:00,P-101,Reactor Pressure,bar,Reactor Area,66.77,False
2026-10-01 06:50:00,P-101,Reactor Pressure,bar,Reactor Area,78.18,False
2026-10-01 06:55:00,P-101,Reactor Pressure,bar,Reactor Area,70.3,False
2026-10-01 07:00:00,P-101,Reactor Pressure,bar,Reactor Area,73.02,False
2026-10-01 07:05:00,P-101,Reactor Pressure,bar,Reactor Area,75.18,False
2026-10-01 07:10:00,P-101,Reactor Pressure,bar,Reactor Area,76.14,False
2026-10-01 07:15:00,P-101,Reactor Pressure,bar,Reactor Area,74.06,False
2026-10-01 07:20:00,P-101,Reactor Pressure,bar,Reactor Area,68.01,False
2026-10-01 07:25:00,P-101,Reactor Pressure,bar,Reactor Area,81.21,False
2026-10-01 07:30:00,P-101,Reactor Pressure,bar,Reactor Area,59.47,False
2026-10-01 07:35:00,P-101,Reactor Pressure,bar,Reactor Area,65.95,False
2026-10-01 07:40:00,P-101,Reactor Pressure,bar,Reactor Area,69.22,False
2026-10-01 07:45:00,P-101,Reactor Pressure,bar,Reactor Area,69.92,False
2026-10-01 07:50:00,P-101,Reactor Pressure,bar,Reactor Area,71.54,False
2026-10-01 07:55:00,P-101,Reactor Pressure,bar,Reactor Area,73.48,False
2026-10-01 08:00:00,P-101,Reactor Pressure,bar,Reactor Area,60.98,False
2026-10-01 08:05:00,P-101,Reactor Pressure,bar,Reactor Area,73.48,False
2026-10-01 08:10:00,P-101,Reactor Pressure,bar,Reactor Area,61.12,False
2026-10-01 08:15:00,P-101,Reactor Pressure,bar,Reactor Area,62.12,False
2026-10-01 08:20:00,P-101,Reactor Pressure,bar,Reactor Area,78.02,False
2026-10-01 08:25:00,P-101,Reactor Pressure,bar,Reactor Area,65.76,False
2026-10-01 08:30:00,P-101,Reactor Pressure,bar,Reactor Area,68.72,False
2026-10-01 08:35:00,P-101,Reactor Pressure,bar,Reactor Area,70.02,False
2026-10-01 08:40:00,P-101,Reactor Pressure,bar,Reactor Area,73.35,False
2026-10-01 08:45:00,P-101,Reactor Pressure,bar,Reactor Area,79.83,False
2026-10-01 08:50:00,P-101,Reactor Pressure,bar,Reactor Area,73.48,False
2026-10-01 08:55:00,P-101,Reactor Pressure,bar,Reactor Area,69.69,False
2026-10-01 09:00:00,P-101,Reactor Pressure,bar,Reactor Area,65.75,False
2026-10-01 09:05:00,P-101,Reactor Pressure,bar,Reactor Area,79.07,True
2026-10-01 09:10:00,P-101,Reactor Pressure,bar,Reactor Area,66.88,False
2026-10-01 09:15:00,P-101,Reactor Pressure,bar,Reactor Area,78.62,False
2026-10-01 09:20:00,P-101,Reactor Pressure,bar,Reactor Area,68.77,False
2026-10-01 09:25:00,P-101,Reactor Pressure,bar,Reactor Area,75.38,False
2026-10-01 09:30:00,P-101,Reactor Pressure,bar,Reactor Area,69.4,False
2026-10-01 09:35:00,P-101,Reactor Pressure,bar,Reactor Area,69.6,False
2026-10-01 09:40:00,P-101,Reactor Pressure,bar,Reactor Area,53.68,False
2026-10-01 09:45:00,P-101,Reactor Pressure,bar,Reactor Area,72.76,False
2026-10-01 09:50:00,P-101,Reactor Pressure,bar,Reactor Area,71.99,False
2026-10-01 09:55:00,P-101,Reactor Pressure,bar,Reactor Area,63.81,False
2026-10-01 10:00:00,P-101,Reactor Pressure,bar,Reactor Area,69.15,False
2026-10-01 10:05:00,P-101,Reactor Pressure,bar,Reactor Area,68.76,False
2026-10-01 10:10:00,P-101,Reactor Pressure,bar,Reactor Area,56.95,False
2026-10-01 10:15:00,P-101,Reactor Pressure,bar,Reactor Area,66.96,False
2026-10-01 10:20:00,P-101,Reactor Pressure,bar,Reactor Area,71.81,False
2026-10-01 10:25:00,P-101,Reactor Pressure,bar,Reactor Area,75.8,False
2026-10-01 10:30:00,P-101,Reactor Pressure,bar,Reactor Area,62.96,False
2026-10-01 10:35:00,P-101,Reactor Pressure,bar,Reactor Area,72.3,False
2026-10-01 10:40:00,P-101,Reactor Pressure,bar,Reactor Area,66.77,False
2026-10-01 10:45:00,P-101,Reactor Pressure,bar,Reactor Area,73.64,False
2026-10-01 10:50:00,P-101,Reactor Pressure,bar,Reactor Area,71.24,False
2026-10-01 10:55:00,P-101,Reactor Pressure,bar,Reactor Area,90.29,True
2026-10-01 11:00:00,P-101,Reactor Pressure,bar,Reactor Area,79.42,False
2026-10-01 11:05:00,P-101,Reactor Pressure,bar,Reactor Area,70.8,False
2026-10-01 11:10:00,P-101,Reactor Pressure,bar,Reactor Area,91.14,True
2026-10-01 11:15:00,P-101,Reactor Pressure,bar,Reactor Area,68.18,False
2026-10-01 11:20:00,P-101,Reactor Pressure,bar,Reactor Area,73.18,False
2026-10-01 11:25:00,P-101,Reactor Pressure,bar,Reactor Area,79.82,False
2026-10-01 11:30:00,P-101,Reactor Pressure,bar,Reactor Area,67.91,False
2026-10-01 11:35:00,P-101,Reactor Pressure,bar,Reactor Area,62.97,False
2026-10-01 11:40:00,P-101,Reactor Pressure,bar,Reactor Area,72.19,False
2026-10-01 11:45:00,P-101,Reactor Pressure,bar,Reactor Area,67.86,False
2026-10-01 11:50:00,P-101,Reactor Pressure,bar,Reactor Area,66.65,False
2026-10-01 11:55:00,P-101,Reactor Pressure,bar,Reactor Area,69.95,False
2026-10-01 12:00:00,P-101,Reactor Pressure,bar,Reactor Area,96.45,True
2026-10-01 12:05:00,P-101,Reactor Pressure,bar,Reactor Area,64.77,False
2026-10-01 12:10:00,P-101,Reactor Pressure,bar,Reactor Area,79.43,False
2026-10-01 12:15:00,P-101,Reactor Pressure,bar,Reactor Area,71.98,False
2026-10-01 12:20:00,P-101,Reactor Pressure,bar,Reactor Area,97.27,True
2026-10-01 12:25:00,P-101,Reactor Pressure,bar,Reactor Area,71.61,False
2026-10-01 12:30:00,P-101,Reactor Pressure,bar,Reactor Area,73.77,False
2026-10-01 12:35:00,P-101,Reactor Pressure,bar,Reactor Area,67.11,False
2026-10-01 12:40:00,P-101,Reactor Pressure,bar,Reactor Area,63.47,False
2026-10-01 12:45:00,P-101,Reactor Pressure,bar,Reactor Area,66.98,False
2026-10-01 12:50:00,P-101,Reactor Pressure,bar,Reactor Area,65.53,False
2026-10-01 12:55:00,P-101,Reactor Pressure,bar,Reactor Area,60.5,False
2026-10-01 13:00:00,P-101,Reactor Pressure,bar,Reactor Area,73.25,False
2026-10-01 13:05:00,P-101,Reactor Pressure,bar,Reactor Area,72.87,False
2026-10-01 13:10:00,P-101,Reactor Pressure,bar,Reactor Area,61.81,False
2026-10-01 13:15:00,P-101,Reactor Pressure,bar,Reactor Area,60.28,False
2026-10-01 13:20:00,P-101,Reactor Pressure,bar,Reactor Area,72.53,False
2026-10-01 13:25:00,P-101,Reactor Pressure,bar,Reactor Area,62.16,False
2026-10-01 13:30:00,P-101,Reactor Pressure,bar,Reactor Area,104.79,True
2026-10-01 13:35:00,P-101,Reactor Pressure,bar,Reactor Area,65.74,False
2026-10-01 13:40:00,P-101,Reactor Pressure,bar,Reactor Area,78.47,False
2026-10-01 13:45:00,P-101,Reactor Pressure,bar,Reactor Area,70.88,False
2026-10-01 13:50:00,P-101,Reactor Pressure,bar,Reactor Area,73.63,False
2026-10-01 13:55:00,P-101,Reactor Pressure,bar,Reactor Area,66.02,False
2026-10-01 14:00:00,P-101,Reactor Pressure,bar,Reactor Area,98.45,True
2026-10-01 14:05:00,P-101,Reactor Pressure,bar,Reactor Area,75.89,False
2026-10-01 14:10:00,P-101,Reactor Pressure,bar,Reactor Area,69.24,False
2026-10-01 14:15:00,P-101,Reactor Pressure,bar,Reactor Area,70.31,False
2026-10-01 14:20:00,P-101,Reactor Pressure,bar,Reactor Area,72.09,False
2026-10-01 14:25:00,P-101,Reactor Pressure,bar,Reactor Area,68.89,False
2026-10-01 14:30:00,P-101,Reactor Pressure,bar,Reactor Area,72.25,False
2026-10-01 14:35:00,P-101,Reactor Pressure,bar,Reactor Area,62.25,False
2026-10-01 14:40:00,P-101,Reactor Pressure,bar,Reactor Area,65.8,False
2026-10-01 14:45:00,P-101,Reactor Pressure,bar,Reactor Area,68.77,False
2026-10-01 14:50:00,P-101,Reactor Pressure,bar,Reactor Area,62.74,False
2026-10-01 14:55:00,P-101,Reactor Pressure,bar,Reactor Area,64.12,False
2026-10-01 15:00:00,P-101,Reactor Pressure,bar,Reactor Area,68.88,False
2026-10-01 15:05:00,P-101,Reactor Pressure,bar,Reactor Area,75.88,False
2026-10-01 15:10:00,P-101,Reactor Pressure,bar,Reactor Area,72.26,False
2026-10-01 15:15:00,P-101,Reactor Pressure,bar,Reactor Area,69.19,False
2026-10-01 15:20:00,P-101,Reactor Pressure,bar,Reactor Area,71.24,False
2026-10-01 15:25:00,P-101,Reactor Pressure,bar,Reactor Area,70.88,False
2026-10-01 15:30:00,P-101,Reactor Pressure,bar,Reactor Area,72.08,False
2026-10-01 15:35:00,P-101,Reactor Pressure,bar,Reactor Area,71.93,False
2026-10-01 15:40:00,P-101,Reactor Pressure,bar,Reactor Area,70.86,False
2026-10-01 15:45:00,P-101,Reactor Pressure,bar,Reactor Area,69.96,False
2026-10-01 15:50:00,P-101,Reactor Pressure,bar,Reactor Area,67.37,False
2026-10-01 15:55:00,P-101,Reactor Pressure,bar,Reactor Area,70.0,False
2026-10-01 16:00:00,P-101,Reactor Pressure,bar,Reactor Area,66.03,False
2026-10-01 16:05:00,P-101,Reactor Pressure,bar,Reactor Area,73.95,False
2026-10-01 16:10:00,P-101,Reactor Pressure,bar,Reactor Area,60.89,False
2026-10-01 16:15:00,P-101,Reactor Pressure,bar,Reactor Area,64.85,False
2026-10-01 16:20:00,P-101,Reactor Pressure,bar,Reactor Area,74.02,False
2026-10-01 16:25:00,P-101,Reactor Pressure,bar,Reactor Area,67.9,False
2026-10-01 16:30:00,P-101,Reactor Pressure,bar,Reactor Area,73.15,False
2026-10-01 16:35:00,P-101,Reactor Pressure,bar,Reactor Area,67.29,False
2026-10-01 16:40:00,P-101,Reactor Pressure,bar,Reactor Area,70.02,False
2026-10-01 16:45:00,P-101,Reactor Pressure,bar,Reactor Area,69.34,False
2026-10-01 16:50:00,P-101,Reactor Pressure,bar,Reactor Area,78.85,False
2026-10-01 16:55:00,P-101,Reactor Pressure,bar,Reactor Area,71.79,False
2026-10-01 17:00:00,P-101,Reactor Pressure,bar,Reactor Area,67.1,False
2026-10-01 17:05:00,P-101,Reactor Pressure,bar,Reactor Area,68.4,False
2026-10-01 17:10:00,P-101,Reactor Pressure,bar,Reactor Area,66.72,False
2026-10-01 17:15:00,P-101,Reactor Pressure,bar,Reactor Area,74.98,False
2026-10-01 17:20:00,P-101,Reactor Pressure,bar,Reactor Area,69.91,False
2026-10-01 17:25:00,P-101,Reactor Pressure,bar,Reactor Area,75.13,False
2026-10-01 17:30:00,P-101,Reactor Pressure,bar,Reactor Area,58.67,False
2026-10-01 17:35:00,P-101,Reactor Pressure,bar,Reactor Area,66.17,False
2026-10-01 17:40:00,P-101,Reactor Pressure,bar,Reactor Area,66.54,False
2026-10-01 17:45:00,P-101,Reactor Pressure,bar,Reactor Area,75.66,False
2026-10-01 17:50:00,P-101,Reactor Pressure,bar,Reactor Area,82.86,False
2026-10-01 17:55:00,P-101,Reactor Pressure,bar,Reactor Area,74.63,False
2026-10-01 18:00:00,P-101,Reactor Pressure,bar,Reactor Area,66.72,False
2026-10-01 18:05:00,P-101,Reactor Pressure,bar,Reactor Area,74.88,False
2026-10-01 18:10:00,P-101,Reactor Pressure,bar,Reactor Area,74.07,False
2026-10-01 18:15:00,P-101,Reactor Pressure,bar,Reactor Area,62.29,False
2026-10-01 18:20:00,P-101,Reactor Pressure,bar,Reactor Area,74.31,False
2026-10-01 18:25:00,P-101,Reactor Pressure,bar,Reactor Area,72.93,False
2026-10-01 18:30:00,P-101,Reactor Pressure,bar,Reactor Area,62.0,False
2026-10-01 18:35:00,P-101,Reactor Pressure,bar,Reactor Area,66.7,False
2026-10-01 18:40:00,P-101,Reactor Pressure,bar,Reactor Area,82.19,False
2026-10-01 18:45:00,P-101,Reactor Pressure,bar,Reactor Area,64.6,False
2026-10-01 18:50:00,P-101,Reactor Pressure,bar,Reactor Area,82.26,False
2026-10-01 18:55:00,P-101,Reactor Pressure,bar,Reactor Area,73.63,False
2026-10-01 19:00:00,P-101,Reactor Pressure,bar,Reactor Area,71.73,False
2026-10-01 19:05:00,P-101,Reactor Pressure,bar,Reactor Area,75.05,False
2026-10-01 19:10:00,P-101,Reactor Pressure,bar,Reactor Area,59.43,False
2026-10-01 19:15:00,P-101,Reactor Pressure,bar,Reactor Area,73.89,False
2026-10-01 19:20:00,P-101,Reactor Pressure,bar,Reactor Area,69.41,False
2026-10-01 19:25:00,P-101,Reactor Pressure,bar,Reactor Area,103.21,True
2026-10-01 19:30:00,P-101,Reactor Pressure,bar,Reactor Area,74.93,False
2026-10-01 19:35:00,P-101,Reactor Pressure,bar,Reactor Area,81.62,False
2026-10-01 19:40:00,P-101,Reactor Pressure,bar,Reactor Area,70.42,False
2026-10-01 19:45:00,P-101,Reactor Pressure,bar,Reactor Area,75.03,False
2026-10-01 19:50:00,P-101,Reactor Pressure,bar,Reactor Area,79.35,False
2026-10-01 19:55:00,P-101,Reactor Pressure,bar,Reactor Area,69.95,False
2026-10-01 20:00:00,P-101,Reactor Pressure,bar,Reactor Area,66.25,False
2026-10-01 20:05:00,P-101,Reactor Pressure,bar,Reactor Area,73.8,False
2026-10-01 20:10:00,P-101,Reactor Pressure,bar,Reactor Area,65.34,False
2026-10-01 20:15:00,P-101,Reactor Pressure,bar,Reactor Area,70.96,False
2026-10-01 20:20:00,P-101,Reactor Pressure,bar,Reactor Area,57.68,False
2026-10-01 20:25:00,P-101,Reactor Pressure,bar,Reactor Area,68.17,False
2026-10-01 20:30:00,P-101,Reactor Pressure,bar,Reactor Area,63.65,False
2026-10-01 20:35:00,P-101,Reactor Pressure,bar,Reactor Area,69.74,False
2026-10-01 20:40:00,P-101,Reactor Pressure,bar,Reactor Area,60.56,False
2026-10-01 20:45:00,P-101,Reactor Pressure,bar,Reactor Area,69.09,False
2026-10-01 20:50:00,P-101,Reactor Pressure,bar,Reactor Area,74.82,False
2026-10-01 20:55:00,P-101,Reactor Pressure,bar,Reactor Area,68.35,False
2026-10-01 21:00:00,P-101,Reactor Pressure,bar,Reactor Area,72.5,False
2026-10-01 21:05:00,P-101,Reactor Pressure,bar,Reactor Area,67.97,False
2026-10-01 21:10:00,P-101,Reactor Pressure,bar,Reactor Area,75.01,False
2026-10-01 21:15:00,P-101,Reactor Pressure,bar,Reactor Area,69.72,False
2026-10-01 21:20:00,P-101,Reactor Pressure,bar,Reactor Area,73.44,True
2026-10-01 21:25:00,P-101,Reactor Pressure,bar,Reactor Area,63.44,False
2026-10-01 21:30:00,P-101,Reactor Pressure,bar,Reactor Area,79.63,False
2026-10-01 21:35:00,P-101,Reactor Pressure,bar,Reactor Area,69.31,False
2026-10-01 21:40:00,P-101,Reactor Pressure,bar,Reactor Area,71.75,False
2026-10-01 21:45:00,P-101,Reactor Pressure,bar,Reactor Area,68.6,False
2026-10-01 21:50:00,P-101,Reactor Pressure,bar,Reactor Area,69.69,False
2026-10-01 21:55:00,P-101,Reactor Pressure,bar,Reactor Area,73.03,False
2026-10-01 22:00:00,P-101,Reactor Pressure,bar,Reactor Area,59.77,False
2026-10-01 22:05:00,P-101,Reactor Pressure,bar,Reactor Area,64.48,False
2026-10-01 22:10:00,P-101,Reactor Pressure,bar,Reactor Area,67.01,False
2026-10-01 22:15:00,P-101,Reactor Pressure,bar,Reactor Area,63.16,False
2026-10-01 22:20:00,P-101,Reactor Pressure,bar,Reactor Area,77.6,False
2026-10-01 22:25:00,P-101,Reactor Pressure,bar,Reactor Area,63.85,False
2026-10-01 22:30:00,P-101,Reactor Pressure,bar,Reactor Area,96.88,True
2026-10-01 22:35:00,P-101,Reactor Pressure,bar,Reactor Area,74.66,False
2026-10-01 22:40:00,P-101,Reactor Pressure,bar,Reactor Area,74.75,False
2026-10-01 22:45:00,P-101,Reactor Pressure,bar,Reactor Area,73.71,False
2026-10-01 22:50:00,P-101,Reactor Pressure,bar,Reactor Area,73.25,False
2026-10-01 22:55:00,P-101,Reactor Pressure,bar,Reactor Area,72.55,False
2026-10-01 23:00:00,P-101,Reactor Pressure,bar,Reactor Area,67.87,False
2026-10-01 23:05:00,P-101,Reactor Pressure,bar,Reactor Area,76.48,False
2026-10-01 23:10:00,P-101,Reactor Pressure,bar,Reactor Area,74.78,False
2026-10-01 23:15:00,P-101,Reactor Pressure,bar,Reactor Area,99.65,True
2026-10-01 23:20:00,P-101,Reactor Pressure,bar,Reactor Area,68.58,False
2026-10-01 23:25:00,P-101,Reactor Pressure,bar,Reactor Area,70.74,False
2026-10-01 23:30:00,P-101,Reactor Pressure,bar,Reactor Area,94.7,True
2026-10-01 23:35:00,P-101,Reactor Pressure,bar,Reactor Area,71.36,False
2026-10-01 23:40:00,P-101,Reactor Pressure,bar,Reactor Area,75.33,False
2026-10-01 23:45:00,P-101,Reactor Pressure,bar,Reactor Area,68.28,False
2026-10-01 23:50:00,P-101,Reactor Pressure,bar,Reactor Area,65.91,False
2026-10-01 23:55:00,P-101,Reactor Pressure,bar,Reactor Area,69.09,False
2026-10-01 00:00:00,P-102,Compressor Output,bar,Compressor Area,73.18,False
2026-10-01 00:05:00,P-102,Compressor Output,bar,Compressor Area,62.05,False
2026-10-01 00:10:00,P-102,Compressor Output,bar,Compressor Area,61.63,False
2026-10-01 00:15:00,P-102,Compressor Output,bar,Compressor Area,63.64,False
2026-10-01 00:20:00,P-102,Compressor Output,bar,Compressor Area,90.67,True
2026-10-01 00:25:00,P-102,Compressor Output,bar,Compressor Area,65.63,False
2026-10-01 00:30:00,P-102,Compressor Output,bar,Compressor Area,95.75,True
2026-10-01 00:35:00,P-102,Compressor Output,bar,Compressor Area,68.92,False
2026-10-01 00:40:00,P-102,Compressor Output,bar,Compressor Area,65.86,False
2026-10-01 00:45:00,P-102,Compressor Output,bar,Compressor Area,59.61,False
2026-10-01 00:50:00,P-102,Compressor Output,bar,Compressor Area,68.59,False
2026-10-01 00:55:00,P-102,Compressor Output,bar,Compressor Area,67.9,False
2026-10-01 01:00:00,P-102,Compressor Output,bar,Compressor Area,66.49,False
2026-10-01 01:05:00,P-102,Compressor Output,bar,Compressor Area,65.95,False
2026-10-01 01:10:00,P-102,Compressor Output,bar,Compressor Area,66.92,False
2026-10-01 01:15:00,P-102,Compressor Output,bar,Compressor Area,68.07,False
2026-10-01 01:20:00,P-102,Compressor Output,bar,Compressor Area,61.71,False
2026-10-01 01:25:00,P-102,Compressor Output,bar,Compressor Area,65.58,False
2026-10-01 01:30:00,P-102,Compressor Output,bar,Compressor Area,61.7,False
2026-10-01 01:35:00,P-102,Compressor Output,bar,Compressor Area,66.38,False
2026-10-01 01:40:00,P-102,Compressor Output,bar,Compressor Area,64.15,False
2026-10-01 01:45:00,P-102,Compressor Output,bar,Compressor Area,68.34,False
2026-10-01 01:50:00,P-102,Compressor Output,bar,Compressor Area,65.43,False
2026-10-01 01:55:00,P-102,Compressor Output,bar,Compressor Area,63.17,False
2026-10-01 02:00:00,P-102,Compressor Output,bar,Compressor Area,68.12,False
2026-10-01 02:05:00,P-102,Compressor Output,bar,Compressor Area,58.9,False
2026-10-01 02:10:00,P-102,Compressor Output,bar,Compressor Area,62.31,False
2026-10-01 02:15:00,P-102,Compressor Output,bar,Compressor Area,62.03,False
2026-10-01 02:20:00,P-102,Compressor Output,bar,Compressor Area,67.98,False
2026-10-01 02:25:00,P-102,Compressor Output,bar,Compressor Area,65.3,False
2026-10-01 02:30:00,P-102,Compressor Output,bar,Compressor Area,66.66,False
2026-10-01 02:35:00,P-102,Compressor Output,bar,Compressor Area,64.58,False
2026-10-01 02:40:00,P-102,Compressor Output,bar,Compressor Area,71.79,False
2026-10-01 02:45:00,P-102,Compressor Output,bar,Compressor Area,62.76,False
2026-10-01 02:50:00,P-102,Compressor Output,bar,Compressor Area,57.25,False
2026-10-01 02:55:00,P-102,Compressor Output,bar,Compressor Area,67.04,False
2026-10-01 03:00:00,P-102,Compressor Output,bar,Compressor Area,62.55,False
2026-10-01 03:05:00,P-102,Compressor Output,bar,Compressor Area,60.23,False
2026-10-01 03:10:00,P-102,Compressor Output,bar,Compressor Area,61.06,False
2026-10-01 03:15:00,P-102,Compressor Output,bar,Compressor Area,71.78,False
2026-10-01 03:20:00,P-102,Compressor Output,bar,Compressor Area,68.71,False
2026-10-01 03:25:00,P-102,Compressor Output,bar,Compressor Area,95.68,True
2026-10-01 03:30:00,P-102,Compressor Output,bar,Compressor Area,74.3,False
2026-10-01 03:35:00,P-102,Compressor Output,bar,Compressor Area,73.14,False
2026-10-01 03:40:00,P-102,Compressor Output,bar,Compressor Area,62.62,False
2026-10-01 03:45:00,P-102,Compressor Output,bar,Compressor Area,60.93,False
2026-10-01 03:50:00,P-102,Compressor Output,bar,Compressor Area,64.86,False
2026-10-01 03:55:00,P-102,Compressor Output,bar,Compressor Area,64.1,False
2026-10-01 04:00:00,P-102,Compressor Output,bar,Compressor Area,63.98,False
2026-10-01 04:05:00,P-102,Compressor Output,bar,Compressor Area,63.72,False
2026-10-01 04:10:00,P-102,Compressor Output,bar,Compressor Area,65.02,False
2026-10-01 04:15:00,P-102,Compressor Output,bar,Compressor Area,61.68,False
2026-10-01 04:20:00,P-102,Compressor Output,bar,Compressor Area,61.65,False
2026-10-01 04:25:00,P-102,Compressor Output,bar,Compressor Area,65.72,False
2026-10-01 04:30:00,P-102,Compressor Output,bar,Compressor Area,64.13,False
2026-10-01 04:35:00,P-102,Compressor Output,bar,Compressor Area,65.03,False
2026-10-01 04:40:00,P-102,Compressor Output,bar,Compressor Area,80.8,True
2026-10-01 04:45:00,P-102,Compressor Output,bar,Compressor Area,60.33,False
2026-10-01 04:50:00,P-102,Compressor Output,bar,Compressor Area,65.54,False
2026-10-01 04:55:00,P-102,Compressor Output,bar,Compressor Area,58.99,False
2026-10-01 05:00:00,P-102,Compressor Output,bar,Compressor Area,65.56,False
2026-10-01 05:05:00,P-102,Compressor Output,bar,Compressor Area,58.66,False
2026-10-01 05:10:00,P-102,Compressor Output,bar,Compressor Area,61.84,False
2026-10-01 05:15:00,P-102,Compressor Output,bar,Compressor Area,66.31,False
2026-10-01 05:20:00,P-102,Compressor Output,bar,Compressor Area,54.69,False
2026-10-01 05:25:00,P-102,Compressor Output,bar,Compressor Area,65.86,False
2026-10-01 05:30:00,P-102,Compressor Output,bar,Compressor Area,69.54,False
2026-10-01 05:35:00,P-102,Compressor Output,bar,Compressor Area,64.78,False
2026-10-01 05:40:00,P-102,Compressor Output,bar,Compressor Area,84.83,True
2026-10-01 05:45:00,P-102,Compressor Output,bar,Compressor Area,72.61,False
2026-10-01 05:50:00,P-102,Compressor Output,bar,Compressor Area,59.72,False
2026-10-01 05:55:00,P-102,Compressor Output,bar,Compressor Area,65.68,False
2026-10-01 06:00:00,P-102,Compressor Output,bar,Compressor Area,72.28,False
2026-10-01 06:05:00,P-102,Compressor Output,bar,Compressor Area,66.01,False
2026-10-01 06:10:00,P-102,Compressor Output,bar,Compressor Area,61.3,False
2026-10-01 06:15:00,P-102,Compressor Output,bar,Compressor Area,71.7,False
2026-10-01 06:20:00,P-102,Compressor Output,bar,Compressor Area,88.18,True
2026-10-01 06:25:00,P-102,Compressor Output,bar,Compressor Area,62.64,False
2026-10-01 06:30:00,P-102,Compressor Output,bar,Compressor Area,64.67,False
2026-10-01 06:35:00,P-102,Compressor Output,bar,Compressor Area,66.36,False
2026-10-01 06:40:00,P-102,Compressor Output,bar,Compressor Area,69.17,False
2026-10-01 06:45:00,P-102,Compressor Output,bar,Compressor Area,95.2,True
2026-10-01 06:50:00,P-102,Compressor Output,bar,Compressor Area,69.13,False
2026-10-01 06:55:00,P-102,Compressor Output,bar,Compressor Area,61.21,False
2026-10-01 07:00:00,P-102,Compressor Output,bar,Compressor Area,65.96,False
2026-10-01 07:05:00,P-102,Compressor Output,bar,Compressor Area,66.5,False
2026-10-01 07:10:00,P-102,Compressor Output,bar,Compressor Area,63.92,False
2026-10-01 07:15:00,P-102,Compressor Output,bar,Compressor Area,67.9,False
2026-10-01 07:20:00,P-102,Compressor Output,bar,Compressor Area,64.97,False
2026-10-01 07:25:00,P-102,Compressor Output,bar,Compressor Area,72.67,False
2026-10-01 07:30:00,P-102,Compressor Output,bar,Compressor Area,62.02,False
2026-10-01 07:35:00,P-102,Compressor Output,bar,Compressor Area,92.05,True
2026-10-01 07:40:00,P-102,Compressor Output,bar,Compressor Area,60.68,False
2026-10-01 07:45:00,P-102,Compressor Output,bar,Compressor Area,64.16,False
2026-10-01 07:50:00,P-102,Compressor Output,bar,Compressor Area,66.59,False
2026-10-01 07:55:00,P-102,Compressor Output,bar,Compressor Area,69.88,False
2026-10-01 08:00:00,P-102,Compressor Output,bar,Compressor Area,69.08,False
2026-10-01 08:05:00,P-102,Compressor Output,bar,Compressor Area,63.73,False
2026-10-01 08:10:00,P-102,Compressor Output,bar,Compressor Area,56.75,False
2026-10-01 08:15:00,P-102,Compressor Output,bar,Compressor Area,83.44,True
2026-10-01 08:20:00,P-102,Compressor Output,bar,Compressor Area,65.84,False
2026-10-01 08:25:00,P-102,Compressor Output,bar,Compressor Area,67.08,False
2026-10-01 08:30:00,P-102,Compressor Output,bar,Compressor Area,64.12,False
2026-10-01 08:35:00,P-102,Compressor Output,bar,Compressor Area,68.36,False
2026-10-01 08:40:00,P-102,Compressor Output,bar,Compressor Area,66.05,False
2026-10-01 08:45:00,P-102,Compressor Output,bar,Compressor Area,64.77,False
2026-10-01 08:50:00,P-102,Compressor Output,bar,Compressor Area,64.81,False
2026-10-01 08:55:00,P-102,Compressor Output,bar,Compressor Area,67.85,False
2026-10-01 09:00:00,P-102,Compressor Output,bar,Compressor Area,58.68,False
2026-10-01 09:05:00,P-102,Compressor Output,bar,Compressor Area,64.31,False
2026-10-01 09:10:00,P-102,Compressor Output,bar,Compressor Area,62.62,False
2026-10-01 09:15:00,P-102,Compressor Output,bar,Compressor Area,62.96,False
2026-10-01 09:20:00,P-102,Compressor Output,bar,Compressor Area,60.08,False
2026-10-01 09:25:00,P-102,Compressor Output,bar,Compressor Area,62.71,False
2026-10-01 09:30:00,P-102,Compressor Output,bar,Compressor Area,61.81,False
2026-10-01 09:35:00,P-102,Compressor Output,bar,Compressor Area,73.38,False
2026-10-01 09:40:00,P-102,Compressor Output,bar,Compressor Area,66.26,False
2026-10-01 09:45:00,P-102,Compressor Output,bar,Compressor Area,59.76,False
2026-10-01 09:50:00,P-102,Compressor Output,bar,Compressor Area,71.68,False
2026-10-01 09:55:00,P-102,Compressor Output,bar,Compressor Area,62.01,False
2026-10-01 10:00:00,P-102,Compressor Output,bar,Compressor Area,59.52,False
2026-10-01 10:05:00,P-102,Compressor Output,bar,Compressor Area,61.54,False
2026-10-01 10:10:00,P-102,Compressor Output,bar,Compressor Area,63.69,False
2026-10-01 10:15:00,P-102,Compressor Output,bar,Compressor Area,62.29,False
2026-10-01 10:20:00,P-102,Compressor Output,bar,Compressor Area,70.27,False
2026-10-01 10:25:00,P-102,Compressor Output,bar,Compressor Area,70.43,False
2026-10-01 10:30:00,P-102,Compressor Output,bar,Compressor Area,69.16,False
2026-10-01 10:35:00,P-102,Compressor Output,bar,Compressor Area,61.21,False
2026-10-01 10:40:00,P-102,Compressor Output,bar,Compressor Area,63.1,False
2026-10-01 10:45:00,P-102,Compressor Output,bar,Compressor Area,61.62,False
2026-10-01 10:50:00,P-102,Compressor Output,bar,Compressor Area,67.38,False
2026-10-01 10:55:00,P-102,Compressor Output,bar,Compressor Area,65.43,False
2026-10-01 11:00:00,P-102,Compressor Output,bar,Compressor Area,60.37,False
2026-10-01 11:05:00,P-102,Compressor Output,bar,Compressor Area,87.16,True
2026-10-01 11:10:00,P-102,Compressor Output,bar,Compressor Area,66.67,False
2026-10-01 11:15:00,P-102,Compressor Output,bar,Compressor Area,61.19,False
2026-10-01 11:20:00,P-102,Compressor Output,bar,Compressor Area,64.82,False
2026-10-01 11:25:00,P-102,Compressor Output,bar,Compressor Area,53.53,False
2026-10-01 11:30:00,P-102,Compressor Output,bar,Compressor Area,65.76,False
2026-10-01 11:35:00,P-102,Compressor Output,bar,Compressor Area,74.86,False
2026-10-01 11:40:00,P-102,Compressor Output,bar,Compressor Area,62.8,False
2026-10-01 11:45:00,P-102,Compressor Output,bar,Compressor Area,69.56,False
2026-10-01 11:50:00,P-102,Compressor Output,bar,Compressor Area,65.55,False
2026-10-01 11:55:00,P-102,Compressor Output,bar,Compressor Area,65.74,False
2026-10-01 12:00:00,P-102,Compressor Output,bar,Compressor Area,63.01,False
2026-10-01 12:05:00,P-102,Compressor Output,bar,Compressor Area,70.0,False
2026-10-01 12:10:00,P-102,Compressor Output,bar,Compressor Area,63.03,False
2026-10-01 12:15:00,P-102,Compressor Output,bar,Compressor Area,64.38,False
2026-10-01 12:20:00,P-102,Compressor Output,bar,Compressor Area,60.56,False
2026-10-01 12:25:00,P-102,Compressor Output,bar,Compressor Area,65.65,False
2026-10-01 12:30:00,P-102,Compressor Output,bar,Compressor Area,61.12,False
2026-10-01 12:35:00,P-102,Compressor Output,bar,Compressor Area,65.54,False
2026-10-01 12:40:00,P-102,Compressor Output,bar,Compressor Area,64.2,False
2026-10-01 12:45:00,P-102,Compressor Output,bar,Compressor Area,72.13,False
2026-10-01 12:50:00,P-102,Compressor Output,bar,Compressor Area,69.19,False
2026-10-01 12:55:00,P-102,Compressor Output,bar,Compressor Area,63.49,False
2026-10-01 13:00:00,P-102,Compressor Output,bar,Compressor Area,64.01,False
2026-10-01 13:05:00,P-102,Compressor Output,bar,Compressor Area,68.46,False
2026-10-01 13:10:00,P-102,Compressor Output,bar,Compressor Area,64.94,False
2026-10-01 13:15:00,P-102,Compressor Output,bar,Compressor Area,69.3,False
2026-10-01 13:20:00,P-102,Compressor Output,bar,Compressor Area,95.29,True
2026-10-01 13:25:00,P-102,Compressor Output,bar,Compressor Area,62.27,False
2026-10-01 13:30:00,P-102,Compressor Output,bar,Compressor Area,62.92,False
2026-10-01 13:35:00,P-102,Compressor Output,bar,Compressor Area,64.96,False
2026-10-01 13:40:00,P-102,Compressor Output,bar,Compressor Area,60.25,False
2026-10-01 13:45:00,P-102,Compressor Output,bar,Compressor Area,72.36,False
2026-10-01 13:50:00,P-102,Compressor Output,bar,Compressor Area,62.62,False
2026-10-01 13:55:00,P-102,Compressor Output,bar,Compressor Area,61.65,False
2026-10-01 14:00:00,P-102,Compressor Output,bar,Compressor Area,66.99,False
2026-10-01 14:05:00,P-102,Compressor Output,bar,Compressor Area,66.74,False
2026-10-01 14:10:00,P-102,Compressor Output,bar,Compressor Area,60.86,False
2026-10-01 14:15:00,P-102,Compressor Output,bar,Compressor Area,67.94,False
2026-10-01 14:20:00,P-102,Compressor Output,bar,Compressor Area,69.9,False
2026-10-01 14:25:00,P-102,Compressor Output,bar,Compressor Area,61.61,False
2026-10-01 14:30:00,P-102,Compressor Output,bar,Compressor Area,68.26,False
2026-10-01 14:35:00,P-102,Compressor Output,bar,Compressor Area,101.74,True
2026-10-01 14:40:00,P-102,Compressor Output,bar,Compressor Area,66.69,False
2026-10-01 14:45:00,P-102,Compressor Output,bar,Compressor Area,64.79,False
2026-10-01 14:50:00,P-102,Compressor Output,bar,Compressor Area,63.38,False
2026-10-01 14:55:00,P-102,Compressor Output,bar,Compressor Area,68.62,False
2026-10-01 15:00:00,P-102,Compressor Output,bar,Compressor Area,67.69,False
2026-10-01 15:05:00,P-102,Compressor Output,bar,Compressor Area,52.93,False
2026-10-01 15:10:00,P-102,Compressor Output,bar,Compressor Area,90.12,True
2026-10-01 15:15:00,P-102,Compressor Output,bar,Compressor Area,60.59,False
2026-10-01 15:20:00,P-102,Compressor Output,bar,Compressor Area,61.42,False
2026-10-01 15:25:00,P-102,Compressor Output,bar,Compressor Area,59.99,False
2026-10-01 15:30:00,P-102,Compressor Output,bar,Compressor Area,63.17,False
2026-10-01 15:35:00,P-102,Compressor Output,bar,Compressor Area,67.8,False
2026-10-01 15:40:00,P-102,Compressor Output,bar,Compressor Area,64.96,False
2026-10-01 15:45:00,P-102,Compressor Output,bar,Compressor Area,66.22,False
2026-10-01 15:50:00,P-102,Compressor Output,bar,Compressor Area,66.19,False
2026-10-01 15:55:00,P-102,Compressor Output,bar,Compressor Area,60.36,False
2026-10-01 16:00:00,P-102,Compressor Output,bar,Compressor Area,61.87,False
2026-10-01 16:05:00,P-102,Compressor Output,bar,Compressor Area,63.64,False
2026-10-01 16:10:00,P-102,Compressor Output,bar,Compressor Area,65.88,False
2026-10-01 16:15:00,P-102,Compressor Output,bar,Compressor Area,67.65,False
2026-10-01 16:20:00,P-102,Compressor Output,bar,Compressor Area,60.11,False
2026-10-01 16:25:00,P-102,Compressor Output,bar,Compressor Area,58.71,False
2026-10-01 16:30:00,P-102,Compressor Output,bar,Compressor Area,68.69,False
2026-10-01 16:35:00,P-102,Compressor Output,bar,Compressor Area,65.4,False
2026-10-01 16:40:00,P-102,Compressor Output,bar,Compressor Area,65.96,False
2026-10-01 16:45:00,P-102,Compressor Output,bar,Compressor Area,63.15,False
2026-10-01 16:50:00,P-102,Compressor Output,bar,Compressor Area,67.2,False
2026-10-01 16:55:00,P-102,Compressor Output,bar,Compressor Area,70.51,False
2026-10-01 17:00:00,P-102,Compressor Output,bar,Compressor Area,60.56,False
2026-10-01 17:05:00,P-102,Compressor Output,bar,Compressor Area,74.24,False
2026-10-01 17:10:00,P-102,Compressor Output,bar,Compressor Area,90.32,True
2026-10-01 17:15:00,P-102,Compressor Output,bar,Compressor Area,60.46,False
2026-10-01 17:20:00,P-102,Compressor Output,bar,Compressor Area,62.54,False
2026-10-01 17:25:00,P-102,Compressor Output,bar,Compressor Area,66.11,False
2026-10-01 17:30:00,P-102,Compressor Output,bar,Compressor Area,65.15,False
2026-10-01 17:35:00,P-102,Compressor Output,bar,Compressor Area,62.51,False
2026-10-01 17:40:00,P-102,Compressor Output,bar,Compressor Area,92.7,True
2026-10-01 17:45:00,P-102,Compressor Output,bar,Compressor Area,62.18,False
2026-10-01 17:50:00,P-102,Compressor Output,bar,Compressor Area,65.55,False
2026-10-01 17:55:00,P-102,Compressor Output,bar,Compressor Area,64.36,False
2026-10-01 18:00:00,P-102,Compressor Output,bar,Compressor Area,68.8,False
2026-10-01 18:05:00,P-102,Compressor Output,bar,Compressor Area,65.12,False
2026-10-01 18:10:00,P-102,Compressor Output,bar,Compressor Area,67.87,False
2026-10-01 18:15:00,P-102,Compressor Output,bar,Compressor Area,63.69,False
2026-10-01 18:20:00,P-102,Compressor Output,bar,Compressor Area,63.54,False
2026-10-01 18:25:00,P-102,Compressor Output,bar,Compressor Area,60.56,False
2026-10-01 18:30:00,P-102,Compressor Output,bar,Compressor Area,63.95,False
2026-10-01 18:35:00,P-102,Compressor Output,bar,Compressor Area,65.73,False
2026-10-01 18:40:00,P-102,Compressor Output,bar,Compressor Area,68.44,False
2026-10-01 18:45:00,P-102,Compressor Output,bar,Compressor Area,67.7,False
2026-10-01 18:50:00,P-102,Compressor Output,bar,Compressor Area,63.94,False
2026-10-01 18:55:00,P-102,Compressor Output,bar,Compressor Area,65.17,False
2026-10-01 19:00:00,P-102,Compressor Output,bar,Compressor Area,71.33,False
2026-10-01 19:05:00,P-102,Compressor Output,bar,Compressor Area,61.35,False
2026-10-01 19:10:00,P-102,Compressor Output,bar,Compressor Area,69.96,False
2026-10-01 19:15:00,P-102,Compressor Output,bar,Compressor Area,60.65,False
2026-10-01 19:20:00,P-102,Compressor Output,bar,Compressor Area,59.92,False
2026-10-01 19:25:00,P-102,Compressor Output,bar,Compressor Area,70.41,False
2026-10-01 19:30:00,P-102,Compressor Output,bar,Compressor Area,105.27,True
2026-10-01 19:35:00,P-102,Compressor Output,bar,Compressor Area,62.95,False
2026-10-01 19:40:00,P-102,Compressor Output,bar,Compressor Area,66.25,False
2026-10-01 19:45:00,P-102,Compressor Output,bar,Compressor Area,57.59,False
2026-10-01 19:50:00,P-102,Compressor Output,bar,Compressor Area,72.62,False
2026-10-01 19:55:00,P-102,Compressor Output,bar,Compressor Area,54.1,False
2026-10-01 20:00:00,P-102,Compressor Output,bar,Compressor Area,64.59,False
2026-10-01 20:05:00,P-102,Compressor Output,bar,Compressor Area,70.87,False
2026-10-01 20:10:00,P-102,Compressor Output,bar,Compressor Area,58.74,False
2026-10-01 20:15:00,P-102,Compressor Output,bar,Compressor Area,60.64,False
2026-10-01 20:20:00,P-102,Compressor Output,bar,Compressor Area,64.74,False
2026-10-01 20:25:00,P-102,Compressor Output,bar,Compressor Area,59.64,False
2026-10-01 20:30:00,P-102,Compressor Output,bar,Compressor Area,57.55,False
2026-10-01 20:35:00,P-102,Compressor Output,bar,Compressor Area,59.48,False
2026-10-01 20:40:00,P-102,Compressor Output,bar,Compressor Area,65.16,False
2026-10-01 20:45:00,P-102,Compressor Output,bar,Compressor Area,100.23,True
2026-10-01 20:50:00,P-102,Compressor Output,bar,Compressor Area,65.78,False
2026-10-01 20:55:00,P-102,Compressor Output,bar,Compressor Area,68.03,False
2026-10-01 21:00:00,P-102,Compressor Output,bar,Compressor Area,82.18,True
2026-10-01 21:05:00,P-102,Compressor Output,bar,Compressor Area,64.09,False
2026-10-01 21:10:00,P-102,Compressor Output,bar,Compressor Area,102.75,True
2026-10-01 21:15:00,P-102,Compressor Output,bar,Compressor Area,62.51,False
2026-10-01 21:20:00,P-102,Compressor Output,bar,Compressor Area,62.63,False
2026-10-01 21:25:00,P-102,Compressor Output,bar,Compressor Area,63.57,False
2026-10-01 21:30:00,P-102,Compressor Output,bar,Compressor Area,62.12,False
2026-10-01 21:35:00,P-102,Compressor Output,bar,Compressor Area,70.86,False
2026-10-01 21:40:00,P-102,Compressor Output,bar,Compressor Area,69.3,False
2026-10-01 21:45:00,P-102,Compressor Output,bar,Compressor Area,67.12,False
2026-10-01 21:50:00,P-102,Compressor Output,bar,Compressor Area,67.71,False
2026-10-01 21:55:00,P-102,Compressor Output,bar,Compressor Area,72.18,False
2026-10-01 22:00:00,P-102,Compressor Output,bar,Compressor Area,67.26,False
2026-10-01 22:05:00,P-102,Compressor Output,bar,Compressor Area,60.06,False
2026-10-01 22:10:00,P-102,Compressor Output,bar,Compressor Area,69.17,False
2026-10-01 22:15:00,P-102,Compressor Output,bar,Compressor Area,64.38,False
2026-10-01 22:20:00,P-102,Compressor Output,bar,Compressor Area,67.46,False
2026-10-01 22:25:00,P-102,Compressor Output,bar,Compressor Area,59.23,False
2026-10-01 22:30:00,P-102,Compressor Output,bar,Compressor Area,68.23,False
2026-10-01 22:35:00,P-102,Compressor Output,bar,Compressor Area,61.14,False
2026-10-01 22:40:00,P-102,Compressor Output,bar,Compressor Area,65.56,False
2026-10-01 22:45:00,P-102,Compressor Output,bar,Compressor Area,59.8,False
2026-10-01 22:50:00,P-102,Compressor Output,bar,Compressor Area,69.36,False
2026-10-01 22:55:00,P-102,Compressor Output,bar,Compressor Area,55.87,False
2026-10-01 23:00:00,P-102,Compressor Output,bar,Compressor Area,55.1,False
2026-10-01 23:05:00,P-102,Compressor Output,bar,Compressor Area,95.26,True
2026-10-01 23:10:00,P-102,Compressor Output,bar,Compressor Area,58.3,False
2026-10-01 23:15:00,P-102,Compressor Output,bar,Compressor Area,61.08,False
2026-10-01 23:20:00,P-102,Compressor Output,bar,Compressor Area,64.01,False
2026-10-01 23:25:00,P-102,Compressor Output,bar,Compressor Area,86.71,True
2026-10-01 23:30:00,P-102,Compressor Output,bar,Compressor Area,64.54,False
2026-10-01 23:35:00,P-102,Compressor Output,bar,Compressor Area,63.11,False
2026-10-01 23:40:00,P-102,Compressor Output,bar,Compressor Area,57.42,False
2026-10-01 23:45:00,P-102,Compressor Output,bar,Compressor Area,64.54,False
2026-10-01 23:50:00,P-102,Compressor Output,bar,Compressor Area,65.83,False
2026-10-01 23:55:00,P-102,Compressor Output,bar,Compressor Area,65.87,False
2026-10-01 00:00:00,T-201,Turbine Temp,°C,Turbine Area,147.37,False
2026-10-01 00:05:00,T-201,Turbine Temp,°C,Turbine Area,144.97,False
2026-10-01 00:10:00,T-201,Turbine Temp,°C,Turbine Area,144.31,False
2026-10-01 00:15:00,T-201,Turbine Temp,°C,Turbine Area,122.44,False
2026-10-01 00:20:00,T-201,Turbine Temp,°C,Turbine Area,153.19,False
2026-10-01 00:25:00,T-201,Turbine Temp,°C,Turbine Area,124.43,False
2026-10-01 00:30:00,T-201,Turbine Temp,°C,Turbine Area,194.4,True
2026-10-01 00:35:00,T-201,Turbine Temp,°C,Turbine Area,154.46,False
2026-10-01 00:40:00,T-201,Turbine Temp,°C,Turbine Area,249.62,True
2026-10-01 00:45:00,T-201,Turbine Temp,°C,Turbine Area,148.13,False
2026-10-01 00:50:00,T-201,Turbine Temp,°C,Turbine Area,129.45,False
2026-10-01 00:55:00,T-201,Turbine Temp,°C,Turbine Area,145.98,False
2026-10-01 01:00:00,T-201,Turbine Temp,°C,Turbine Area,132.34,False
2026-10-01 01:05:00,T-201,Turbine Temp,°C,Turbine Area,149.17,False
2026-10-01 01:10:00,T-201,Turbine Temp,°C,Turbine Area,135.78,False
2026-10-01 01:15:00,T-201,Turbine Temp,°C,Turbine Area,134.61,False
2026-10-01 01:20:00,T-201,Turbine Temp,°C,Turbine Area,147.8,False
2026-10-01 01:25:00,T-201,Turbine Temp,°C,Turbine Area,139.25,False
2026-10-01 01:30:00,T-201,Turbine Temp,°C,Turbine Area,143.62,False
2026-10-01 01:35:00,T-201,Turbine Temp,°C,Turbine Area,153.71,False
2026-10-01 01:40:00,T-201,Turbine Temp,°C,Turbine Area,197.51,True
2026-10-01 01:45:00,T-201,Turbine Temp,°C,Turbine Area,220.2,True
2026-10-01 01:50:00,T-201,Turbine Temp,°C,Turbine Area,151.15,False
2026-10-01 01:55:00,T-201,Turbine Temp,°C,Turbine Area,150.62,False
2026-10-01 02:00:00,T-201,Turbine Temp,°C,Turbine Area,147.7,False
2026-10-01 02:05:00,T-201,Turbine Temp,°C,Turbine Area,147.49,False
2026-10-01 02:10:00,T-201,Turbine Temp,°C,Turbine Area,142.01,False
2026-10-01 02:15:00,T-201,Turbine Temp,°C,Turbine Area,143.25,False
2026-10-01 02:20:00,T-201,Turbine Temp,°C,Turbine Area,119.95,False
2026-10-01 02:25:00,T-201,Turbine Temp,°C,Turbine Area,202.1,True
2026-10-01 02:30:00,T-201,Turbine Temp,°C,Turbine Area,134.73,False
2026-10-01 02:35:00,T-201,Turbine Temp,°C,Turbine Area,133.43,False
2026-10-01 02:40:00,T-201,Turbine Temp,°C,Turbine Area,142.49,False
2026-10-01 02:45:00,T-201,Turbine Temp,°C,Turbine Area,139.66,False
2026-10-01 02:50:00,T-201,Turbine Temp,°C,Turbine Area,126.03,False
2026-10-01 02:55:00,T-201,Turbine Temp,°C,Turbine Area,148.18,False
2026-10-01 03:00:00,T-201,Turbine Temp,°C,Turbine Area,142.64,False
2026-10-01 03:05:00,T-201,Turbine Temp,°C,Turbine Area,119.08,False
2026-10-01 03:10:00,T-201,Turbine Temp,°C,Turbine Area,182.15,True
2026-10-01 03:15:00,T-201,Turbine Temp,°C,Turbine Area,110.35,False
2026-10-01 03:20:00,T-201,Turbine Temp,°C,Turbine Area,126.01,False
2026-10-01 03:25:00,T-201,Turbine Temp,°C,Turbine Area,142.57,False
2026-10-01 03:30:00,T-201,Turbine Temp,°C,Turbine Area,145.27,False
2026-10-01 03:35:00,T-201,Turbine Temp,°C,Turbine Area,132.15,False
2026-10-01 03:40:00,T-201,Turbine Temp,°C,Turbine Area,152.67,False
2026-10-01 03:45:00,T-201,Turbine Temp,°C,Turbine Area,151.41,False
2026-10-01 03:50:00,T-201,Turbine Temp,°C,Turbine Area,164.74,True
2026-10-01 03:55:00,T-201,Turbine Temp,°C,Turbine Area,122.23,False
2026-10-01 04:00:00,T-201,Turbine Temp,°C,Turbine Area,134.15,False
2026-10-01 04:05:00,T-201,Turbine Temp,°C,Turbine Area,137.46,False
2026-10-01 04:10:00,T-201,Turbine Temp,°C,Turbine Area,147.45,False
2026-10-01 04:15:00,T-201,Turbine Temp,°C,Turbine Area,133.19,False
2026-10-01 04:20:00,T-201,Turbine Temp,°C,Turbine Area,164.26,False
2026-10-01 04:25:00,T-201,Turbine Temp,°C,Turbine Area,139.34,False
2026-10-01 04:30:00,T-201,Turbine Temp,°C,Turbine Area,137.01,False
2026-10-01 04:35:00,T-201,Turbine Temp,°C,Turbine Area,128.2,False
2026-10-01 04:40:00,T-201,Turbine Temp,°C,Turbine Area,140.31,False
2026-10-01 04:45:00,T-201,Turbine Temp,°C,Turbine Area,146.26,False
2026-10-01 04:50:00,T-201,Turbine Temp,°C,Turbine Area,148.39,False
2026-10-01 04:55:00,T-201,Turbine Temp,°C,Turbine Area,149.11,False
2026-10-01 05:00:00,T-201,Turbine Temp,°C,Turbine Area,150.01,False
2026-10-01 05:05:00,T-201,Turbine Temp,°C,Turbine Area,147.22,False
2026-10-01 05:10:00,T-201,Turbine Temp,°C,Turbine Area,198.59,True
2026-10-01 05:15:00,T-201,Turbine Temp,°C,Turbine Area,144.76,False
2026-10-01 05:20:00,T-201,Turbine Temp,°C,Turbine Area,142.65,False
2026-10-01 05:25:00,T-201,Turbine Temp,°C,Turbine Area,122.91,False
2026-10-01 05:30:00,T-201,Turbine Temp,°C,Turbine Area,150.26,False
2026-10-01 05:35:00,T-201,Turbine Temp,°C,Turbine Area,120.63,False
2026-10-01 05:40:00,T-201,Turbine Temp,°C,Turbine Area,138.35,False
2026-10-01 05:45:00,T-201,Turbine Temp,°C,Turbine Area,140.43,False
2026-10-01 05:50:00,T-201,Turbine Temp,°C,Turbine Area,139.16,False
2026-10-01 05:55:00,T-201,Turbine Temp,°C,Turbine Area,129.84,False
2026-10-01 06:00:00,T-201,Turbine Temp,°C,Turbine Area,129.62,False
2026-10-01 06:05:00,T-201,Turbine Temp,°C,Turbine Area,149.1,False
2026-10-01 06:10:00,T-201,Turbine Temp,°C,Turbine Area,137.87,False
2026-10-01 06:15:00,T-201,Turbine Temp,°C,Turbine Area,144.19,False
2026-10-01 06:20:00,T-201,Turbine Temp,°C,Turbine Area,133.94,False
2026-10-01 06:25:00,T-201,Turbine Temp,°C,Turbine Area,140.87,False
2026-10-01 06:30:00,T-201,Turbine Temp,°C,Turbine Area,152.33,False
2026-10-01 06:35:00,T-201,Turbine Temp,°C,Turbine Area,156.17,False
2026-10-01 06:40:00,T-201,Turbine Temp,°C,Turbine Area,162.42,False
2026-10-01 06:45:00,T-201,Turbine Temp,°C,Turbine Area,140.92,False
2026-10-01 06:50:00,T-201,Turbine Temp,°C,Turbine Area,112.18,False
2026-10-01 06:55:00,T-201,Turbine Temp,°C,Turbine Area,149.21,False
2026-10-01 07:00:00,T-201,Turbine Temp,°C,Turbine Area,136.72,False
2026-10-01 07:05:00,T-201,Turbine Temp,°C,Turbine Area,146.08,False
2026-10-01 07:10:00,T-201,Turbine Temp,°C,Turbine Area,141.26,False
2026-10-01 07:15:00,T-201,Turbine Temp,°C,Turbine Area,142.38,False
2026-10-01 07:20:00,T-201,Turbine Temp,°C,Turbine Area,146.12,False
2026-10-01 07:25:00,T-201,Turbine Temp,°C,Turbine Area,155.2,False
2026-10-01 07:30:00,T-201,Turbine Temp,°C,Turbine Area,138.32,False
2026-10-01 07:35:00,T-201,Turbine Temp,°C,Turbine Area,137.01,False
2026-10-01 07:40:00,T-201,Turbine Temp,°C,Turbine Area,154.56,False
2026-10-01 07:45:00,T-201,Turbine Temp,°C,Turbine Area,154.78,False
2026-10-01 07:50:00,T-201,Turbine Temp,°C,Turbine Area,129.28,False
2026-10-01 07:55:00,T-201,Turbine Temp,°C,Turbine Area,133.73,False
2026-10-01 08:00:00,T-201,Turbine Temp,°C,Turbine Area,145.29,False
2026-10-01 08:05:00,T-201,Turbine Temp,°C,Turbine Area,158.34,False
2026-10-01 08:10:00,T-201,Turbine Temp,°C,Turbine Area,147.79,False
2026-10-01 08:15:00,T-201,Turbine Temp,°C,Turbine Area,143.29,False
2026-10-01 08:20:00,T-201,Turbine Temp,°C,Turbine Area,139.34,False
2026-10-01 08:25:00,T-201,Turbine Temp,°C,Turbine Area,185.96,True
2026-10-01 08:30:00,T-201,Turbine Temp,°C,Turbine Area,157.68,False
2026-10-01 08:35:00,T-201,Turbine Temp,°C,Turbine Area,115.31,False
2026-10-01 08:40:00,T-201,Turbine Temp,°C,Turbine Area,143.65,False
2026-10-01 08:45:00,T-201,Turbine Temp,°C,Turbine Area,140.92,False
2026-10-01 08:50:00,T-201,Turbine Temp,°C,Turbine Area,138.56,False
2026-10-01 08:55:00,T-201,Turbine Temp,°C,Turbine Area,152.0,False
2026-10-01 09:00:00,T-201,Turbine Temp,°C,Turbine Area,146.64,False
2026-10-01 09:05:00,T-201,Turbine Temp,°C,Turbine Area,124.45,False
2026-10-01 09:10:00,T-201,Turbine Temp,°C,Turbine Area,144.81,False
2026-10-01 09:15:00,T-201,Turbine Temp,°C,Turbine Area,130.47,False
2026-10-01 09:20:00,T-201,Turbine Temp,°C,Turbine Area,144.32,False
2026-10-01 09:25:00,T-201,Turbine Temp,°C,Turbine Area,129.76,False
2026-10-01 09:30:00,T-201,Turbine Temp,°C,Turbine Area,138.65,False
2026-10-01 09:35:00,T-201,Turbine Temp,°C,Turbine Area,109.94,False
2026-10-01 09:40:00,T-201,Turbine Temp,°C,Turbine Area,127.56,False
2026-10-01 09:45:00,T-201,Turbine Temp,°C,Turbine Area,148.85,False
2026-10-01 09:50:00,T-201,Turbine Temp,°C,Turbine Area,145.89,False
2026-10-01 09:55:00,T-201,Turbine Temp,°C,Turbine Area,142.64,False
2026-10-01 10:00:00,T-201,Turbine Temp,°C,Turbine Area,128.49,False
2026-10-01 10:05:00,T-201,Turbine Temp,°C,Turbine Area,143.05,False
2026-10-01 10:10:00,T-201,Turbine Temp,°C,Turbine Area,136.23,False
2026-10-01 10:15:00,T-201,Turbine Temp,°C,Turbine Area,152.13,False
2026-10-01 10:20:00,T-201,Turbine Temp,°C,Turbine Area,157.9,False
2026-10-01 10:25:00,T-201,Turbine Temp,°C,Turbine Area,150.51,False
2026-10-01 10:30:00,T-201,Turbine Temp,°C,Turbine Area,129.15,False
2026-10-01 10:35:00,T-201,Turbine Temp,°C,Turbine Area,156.16,False
2026-10-01 10:40:00,T-201,Turbine Temp,°C,Turbine Area,136.29,False
2026-10-01 10:45:00,T-201,Turbine Temp,°C,Turbine Area,137.84,False
2026-10-01 10:50:00,T-201,Turbine Temp,°C,Turbine Area,123.78,False
2026-10-01 10:55:00,T-201,Turbine Temp,°C,Turbine Area,124.41,False
2026-10-01 11:00:00,T-201,Turbine Temp,°C,Turbine Area,149.21,False
2026-10-01 11:05:00,T-201,Turbine Temp,°C,Turbine Area,149.71,False
2026-10-01 11:10:00,T-201,Turbine Temp,°C,Turbine Area,137.82,False
2026-10-01 11:15:00,T-201,Turbine Temp,°C,Turbine Area,132.87,False
2026-10-01 11:20:00,T-201,Turbine Temp,°C,Turbine Area,145.42,False
2026-10-01 11:25:00,T-201,Turbine Temp,°C,Turbine Area,138.57,False
2026-10-01 11:30:00,T-201,Turbine Temp,°C,Turbine Area,145.27,False
2026-10-01 11:35:00,T-201,Turbine Temp,°C,Turbine Area,166.62,False
2026-10-01 11:40:00,T-201,Turbine Temp,°C,Turbine Area,140.5,False
2026-10-01 11:45:00,T-201,Turbine Temp,°C,Turbine Area,111.59,False
2026-10-01 11:50:00,T-201,Turbine Temp,°C,Turbine Area,133.08,False
2026-10-01 11:55:00,T-201,Turbine Temp,°C,Turbine Area,142.8,False
2026-10-01 12:00:00,T-201,Turbine Temp,°C,Turbine Area,124.58,False
2026-10-01 12:05:00,T-201,Turbine Temp,°C,Turbine Area,205.85,True
2026-10-01 12:10:00,T-201,Turbine Temp,°C,Turbine Area,147.49,False
2026-10-01 12:15:00,T-201,Turbine Temp,°C,Turbine Area,151.92,False
2026-10-01 12:20:00,T-201,Turbine Temp,°C,Turbine Area,134.18,False
2026-10-01 12:25:00,T-201,Turbine Temp,°C,Turbine Area,145.77,False
2026-10-01 12:30:00,T-201,Turbine Temp,°C,Turbine Area,161.05,False
2026-10-01 12:35:00,T-201,Turbine Temp,°C,Turbine Area,134.14,False
2026-10-01 12:40:00,T-201,Turbine Temp,°C,Turbine Area,143.86,False
2026-10-01 12:45:00,T-201,Turbine Temp,°C,Turbine Area,134.94,False
2026-10-01 12:50:00,T-201,Turbine Temp,°C,Turbine Area,131.57,False
2026-10-01 12:55:00,T-201,Turbine Temp,°C,Turbine Area,147.58,False
2026-10-01 13:00:00,T-201,Turbine Temp,°C,Turbine Area,152.38,False
2026-10-01 13:05:00,T-201,Turbine Temp,°C,Turbine Area,135.48,False
2026-10-01 13:10:00,T-201,Turbine Temp,°C,Turbine Area,155.0,False
2026-10-01 13:15:00,T-201,Turbine Temp,°C,Turbine Area,138.28,False
2026-10-01 13:20:00,T-201,Turbine Temp,°C,Turbine Area,134.46,False
2026-10-01 13:25:00,T-201,Turbine Temp,°C,Turbine Area,138.72,False
2026-10-01 13:30:00,T-201,Turbine Temp,°C,Turbine Area,133.08,False
2026-10-01 13:35:00,T-201,Turbine Temp,°C,Turbine Area,152.55,False
2026-10-01 13:40:00,T-201,Turbine Temp,°C,Turbine Area,137.47,False
2026-10-01 13:45:00,T-201,Turbine Temp,°C,Turbine Area,151.13,False
2026-10-01 13:50:00,T-201,Turbine Temp,°C,Turbine Area,143.0,False
2026-10-01 13:55:00,T-201,Turbine Temp,°C,Turbine Area,137.66,False
2026-10-01 14:00:00,T-201,Turbine Temp,°C,Turbine Area,142.6,False
2026-10-01 14:05:00,T-201,Turbine Temp,°C,Turbine Area,130.56,False
2026-10-01 14:10:00,T-201,Turbine Temp,°C,Turbine Area,132.04,False
2026-10-01 14:15:00,T-201,Turbine Temp,°C,Turbine Area,149.4,False
2026-10-01 14:20:00,T-201,Turbine Temp,°C,Turbine Area,146.48,False
2026-10-01 14:25:00,T-201,Turbine Temp,°C,Turbine Area,145.42,False
2026-10-01 14:30:00,T-201,Turbine Temp,°C,Turbine Area,140.64,False
2026-10-01 14:35:00,T-201,Turbine Temp,°C,Turbine Area,134.93,False
2026-10-01 14:40:00,T-201,Turbine Temp,°C,Turbine Area,157.07,False
2026-10-01 14:45:00,T-201,Turbine Temp,°C,Turbine Area,142.9,False
2026-10-01 14:50:00,T-201,Turbine Temp,°C,Turbine Area,119.03,False
2026-10-01 14:55:00,T-201,Turbine Temp,°C,Turbine Area,128.75,False
2026-10-01 15:00:00,T-201,Turbine Temp,°C,Turbine Area,141.16,False
2026-10-01 15:05:00,T-201,Turbine Temp,°C,Turbine Area,135.33,False
2026-10-01 15:10:00,T-201,Turbine Temp,°C,Turbine Area,143.48,False
2026-10-01 15:15:00,T-201,Turbine Temp,°C,Turbine Area,143.83,False
2026-10-01 15:20:00,T-201,Turbine Temp,°C,Turbine Area,150.9,False
2026-10-01 15:25:00,T-201,Turbine Temp,°C,Turbine Area,132.01,False
2026-10-01 15:30:00,T-201,Turbine Temp,°C,Turbine Area,143.9,False
2026-10-01 15:35:00,T-201,Turbine Temp,°C,Turbine Area,128.53,False
2026-10-01 15:40:00,T-201,Turbine Temp,°C,Turbine Area,153.19,False
2026-10-01 15:45:00,T-201,Turbine Temp,°C,Turbine Area,150.01,False
2026-10-01 15:50:00,T-201,Turbine Temp,°C,Turbine Area,131.14,False
2026-10-01 15:55:00,T-201,Turbine Temp,°C,Turbine Area,134.75,False
2026-10-01 16:00:00,T-201,Turbine Temp,°C,Turbine Area,128.36,False
2026-10-01 16:05:00,T-201,Turbine Temp,°C,Turbine Area,131.16,False
2026-10-01 16:10:00,T-201,Turbine Temp,°C,Turbine Area,143.15,False
2026-10-01 16:15:00,T-201,Turbine Temp,°C,Turbine Area,138.99,False
2026-10-01 16:20:00,T-201,Turbine Temp,°C,Turbine Area,141.2,False
2026-10-01 16:25:00,T-201,Turbine Temp,°C,Turbine Area,151.4,False
2026-10-01 16:30:00,T-201,Turbine Temp,°C,Turbine Area,150.73,False
2026-10-01 16:35:00,T-201,Turbine Temp,°C,Turbine Area,142.81,False
2026-10-01 16:40:00,T-201,Turbine Temp,°C,Turbine Area,146.08,False
2026-10-01 16:45:00,T-201,Turbine Temp,°C,Turbine Area,131.26,False
2026-10-01 16:50:00,T-201,Turbine Temp,°C,Turbine Area,143.07,False
2026-10-01 16:55:00,T-201,Turbine Temp,°C,Turbine Area,182.45,True
2026-10-01 17:00:00,T-201,Turbine Temp,°C,Turbine Area,132.91,False
2026-10-01 17:05:00,T-201,Turbine Temp,°C,Turbine Area,146.7,False
2026-10-01 17:10:00,T-201,Turbine Temp,°C,Turbine Area,132.61,False
2026-10-01 17:15:00,T-201,Turbine Temp,°C,Turbine Area,136.04,False
2026-10-01 17:20:00,T-201,Turbine Temp,°C,Turbine Area,120.05,False
2026-10-01 17:25:00,T-201,Turbine Temp,°C,Turbine Area,142.37,False
2026-10-01 17:30:00,T-201,Turbine Temp,°C,Turbine Area,123.06,False
2026-10-01 17:35:00,T-201,Turbine Temp,°C,Turbine Area,145.21,False
2026-10-01 17:40:00,T-201,Turbine Temp,°C,Turbine Area,136.15,False
2026-10-01 17:45:00,T-201,Turbine Temp,°C,Turbine Area,133.6,False
2026-10-01 17:50:00,T-201,Turbine Temp,°C,Turbine Area,149.55,False
2026-10-01 17:55:00,T-201,Turbine Temp,°C,Turbine Area,137.76,False
2026-10-01 18:00:00,T-201,Turbine Temp,°C,Turbine Area,152.37,False
2026-10-01 18:05:00,T-201,Turbine Temp,°C,Turbine Area,145.95,False
2026-10-01 18:10:00,T-201,Turbine Temp,°C,Turbine Area,151.88,False
2026-10-01 18:15:00,T-201,Turbine Temp,°C,Turbine Area,160.0,False
2026-10-01 18:20:00,T-201,Turbine Temp,°C,Turbine Area,146.14,False
2026-10-01 18:25:00,T-201,Turbine Temp,°C,Turbine Area,147.0,False
2026-10-01 18:30:00,T-201,Turbine Temp,°C,Turbine Area,136.3,False
2026-10-01 18:35:00,T-201,Turbine Temp,°C,Turbine Area,145.65,False
2026-10-01 18:40:00,T-201,Turbine Temp,°C,Turbine Area,138.8,False
2026-10-01 18:45:00,T-201,Turbine Temp,°C,Turbine Area,142.42,False
2026-10-01 18:50:00,T-201,Turbine Temp,°C,Turbine Area,135.73,False
2026-10-01 18:55:00,T-201,Turbine Temp,°C,Turbine Area,139.92,False
2026-10-01 19:00:00,T-201,Turbine Temp,°C,Turbine Area,140.51,False
2026-10-01 19:05:00,T-201,Turbine Temp,°C,Turbine Area,133.05,False
2026-10-01 19:10:00,T-201,Turbine Temp,°C,Turbine Area,132.59,False
2026-10-01 19:15:00,T-201,Turbine Temp,°C,Turbine Area,147.34,False
2026-10-01 19:20:00,T-201,Turbine Temp,°C,Turbine Area,124.26,False
2026-10-01 19:25:00,T-201,Turbine Temp,°C,Turbine Area,145.2,False
2026-10-01 19:30:00,T-201,Turbine Temp,°C,Turbine Area,127.66,False
2026-10-01 19:35:00,T-201,Turbine Temp,°C,Turbine Area,134.95,False
2026-10-01 19:40:00,T-201,Turbine Temp,°C,Turbine Area,153.22,False
2026-10-01 19:45:00,T-201,Turbine Temp,°C,Turbine Area,141.78,False
2026-10-01 19:50:00,T-201,Turbine Temp,°C,Turbine Area,126.15,False
2026-10-01 19:55:00,T-201,Turbine Temp,°C,Turbine Area,151.8,False
2026-10-01 20:00:00,T-201,Turbine Temp,°C,Turbine Area,132.73,False
2026-10-01 20:05:00,T-201,Turbine Temp,°C,Turbine Area,151.72,False
2026-10-01 20:10:00,T-201,Turbine Temp,°C,Turbine Area,134.35,False
2026-10-01 20:15:00,T-201,Turbine Temp,°C,Turbine Area,156.86,False
2026-10-01 20:20:00,T-201,Turbine Temp,°C,Turbine Area,151.13,False
2026-10-01 20:25:00,T-201,Turbine Temp,°C,Turbine Area,156.65,False
2026-10-01 20:30:00,T-201,Turbine Temp,°C,Turbine Area,138.5,False
2026-10-01 20:35:00,T-201,Turbine Temp,°C,Turbine Area,137.8,False
2026-10-01 20:40:00,T-201,Turbine Temp,°C,Turbine Area,137.51,False
2026-10-01 20:45:00,T-201,Turbine Temp,°C,Turbine Area,140.69,False
2026-10-01 20:50:00,T-201,Turbine Temp,°C,Turbine Area,134.32,False
2026-10-01 20:55:00,T-201,Turbine Temp,°C,Turbine Area,139.63,False
2026-10-01 21:00:00,T-201,Turbine Temp,°C,Turbine Area,151.06,False
2026-10-01 21:05:00,T-201,Turbine Temp,°C,Turbine Area,145.84,False
2026-10-01 21:10:00,T-201,Turbine Temp,°C,Turbine Area,136.96,False
2026-10-01 21:15:00,T-201,Turbine Temp,°C,Turbine Area,158.33,False
2026-10-01 21:20:00,T-201,Turbine Temp,°C,Turbine Area,140.46,False
2026-10-01 21:25:00,T-201,Turbine Temp,°C,Turbine Area,127.58,False
2026-10-01 21:30:00,T-201,Turbine Temp,°C,Turbine Area,216.4,True
2026-10-01 21:35:00,T-201,Turbine Temp,°C,Turbine Area,146.55,False
2026-10-01 21:40:00,T-201,Turbine Temp,°C,Turbine Area,123.0,False
2026-10-01 21:45:00,T-201,Turbine Temp,°C,Turbine Area,143.9,False
2026-10-01 21:50:00,T-201,Turbine Temp,°C,Turbine Area,128.32,False
2026-10-01 21:55:00,T-201,Turbine Temp,°C,Turbine Area,145.17,False
2026-10-01 22:00:00,T-201,Turbine Temp,°C,Turbine Area,133.94,False
2026-10-01 22:05:00,T-201,Turbine Temp,°C,Turbine Area,130.01,False
2026-10-01 22:10:00,T-201,Turbine Temp,°C,Turbine Area,148.8,False
2026-10-01 22:15:00,T-201,Turbine Temp,°C,Turbine Area,141.12,False
2026-10-01 22:20:00,T-201,Turbine Temp,°C,Turbine Area,135.58,False
2026-10-01 22:25:00,T-201,Turbine Temp,°C,Turbine Area,141.64,False
2026-10-01 22:30:00,T-201,Turbine Temp,°C,Turbine Area,143.31,False
2026-10-01 22:35:00,T-201,Turbine Temp,°C,Turbine Area,132.63,False
2026-10-01 22:40:00,T-201,Turbine Temp,°C,Turbine Area,127.61,False
2026-10-01 22:45:00,T-201,Turbine Temp,°C,Turbine Area,125.49,False
2026-10-01 22:50:00,T-201,Turbine Temp,°C,Turbine Area,134.87,False
2026-10-01 22:55:00,T-201,Turbine Temp,°C,Turbine Area,134.91,False
2026-10-01 23:00:00,T-201,Turbine Temp,°C,Turbine Area,131.18,False
2026-10-01 23:05:00,T-201,Turbine Temp,°C,Turbine Area,144.04,False
2026-10-01 23:10:00,T-201,Turbine Temp,°C,Turbine Area,166.71,False
2026-10-01 23:15:00,T-201,Turbine Temp,°C,Turbine Area,145.39,False
2026-10-01 23:20:00,T-201,Turbine Temp,°C,Turbine Area,128.16,False
2026-10-01 23:25:00,T-201,Turbine Temp,°C,Turbine Area,139.4,False
2026-10-01 23:30:00,T-201,Turbine Temp,°C,Turbine Area,125.07,False
2026-10-01 23:35:00,T-201,Turbine Temp,°C,Turbine Area,145.43,False
2026-10-01 23:40:00,T-201,Turbine Temp,°C,Turbine Area,145.0,False
2026-10-01 23:45:00,T-201,Turbine Temp,°C,Turbine Area,137.04,False
2026-10-01 23:50:00,T-201,Turbine Temp,°C,Turbine Area,139.84,False
2026-10-01 23:55:00,T-201,Turbine Temp,°C,Turbine Area,118.21,False
2026-10-01 00:00:00,T-202,Cooling Water Temp,°C,Cooling Area,37.91,False
2026-10-01 00:05:00,T-202,Cooling Water Temp,°C,Cooling Area,39.8,False
2026-10-01 00:10:00,T-202,Cooling Water Temp,°C,Cooling Area,43.49,False
2026-10-01 00:15:00,T-202,Cooling Water Temp,°C,Cooling Area,37.89,False
2026-10-01 00:20:00,T-202,Cooling Water Temp,°C,Cooling Area,41.22,False
2026-10-01 00:25:00,T-202,Cooling Water Temp,°C,Cooling Area,38.15,False
2026-10-01 00:30:00,T-202,Cooling Water Temp,°C,Cooling Area,35.99,False
2026-10-01 00:35:00,T-202,Cooling Water Temp,°C,Cooling Area,40.5,False
2026-10-01 00:40:00,T-202,Cooling Water Temp,°C,Cooling Area,40.51,False
2026-10-01 00:45:00,T-202,Cooling Water Temp,°C,Cooling Area,38.62,False
2026-10-01 00:50:00,T-202,Cooling Water Temp,°C,Cooling Area,39.97,False
2026-10-01 00:55:00,T-202,Cooling Water Temp,°C,Cooling Area,42.55,False
2026-10-01 01:00:00,T-202,Cooling Water Temp,°C,Cooling Area,39.48,False
2026-10-01 01:05:00,T-202,Cooling Water Temp,°C,Cooling Area,39.7,False
2026-10-01 01:10:00,T-202,Cooling Water Temp,°C,Cooling Area,39.72,False
2026-10-01 01:15:00,T-202,Cooling Water Temp,°C,Cooling Area,41.13,False
2026-10-01 01:20:00,T-202,Cooling Water Temp,°C,Cooling Area,42.47,False
2026-10-01 01:25:00,T-202,Cooling Water Temp,°C,Cooling Area,39.96,False
2026-10-01 01:30:00,T-202,Cooling Water Temp,°C,Cooling Area,37.66,False
2026-10-01 01:35:00,T-202,Cooling Water Temp,°C,Cooling Area,38.09,False
2026-10-01 01:40:00,T-202,Cooling Water Temp,°C,Cooling Area,38.94,False
2026-10-01 01:45:00,T-202,Cooling Water Temp,°C,Cooling Area,39.51,False
2026-10-01 01:50:00,T-202,Cooling Water Temp,°C,Cooling Area,37.37,False
2026-10-01 01:55:00,T-202,Cooling Water Temp,°C,Cooling Area,39.03,False
2026-10-01 02:00:00,T-202,Cooling Water Temp,°C,Cooling Area,39.87,False
2026-10-01 02:05:00,T-202,Cooling Water Temp,°C,Cooling Area,40.03,False
2026-10-01 02:10:00,T-202,Cooling Water Temp,°C,Cooling Area,39.98,False
2026-10-01 02:15:00,T-202,Cooling Water Temp,°C,Cooling Area,53.14,True
2026-10-01 02:20:00,T-202,Cooling Water Temp,°C,Cooling Area,37.56,False
2026-10-01 02:25:00,T-202,Cooling Water Temp,°C,Cooling Area,40.65,False
2026-10-01 02:30:00,T-202,Cooling Water Temp,°C,Cooling Area,43.28,False
2026-10-01 02:35:00,T-202,Cooling Water Temp,°C,Cooling Area,39.48,False
2026-10-01 02:40:00,T-202,Cooling Water Temp,°C,Cooling Area,36.62,False
2026-10-01 02:45:00,T-202,Cooling Water Temp,°C,Cooling Area,41.19,False
2026-10-01 02:50:00,T-202,Cooling Water Temp,°C,Cooling Area,54.86,True
2026-10-01 02:55:00,T-202,Cooling Water Temp,°C,Cooling Area,40.2,False
2026-10-01 03:00:00,T-202,Cooling Water Temp,°C,Cooling Area,36.3,False
2026-10-01 03:05:00,T-202,Cooling Water Temp,°C,Cooling Area,39.05,False
2026-10-01 03:10:00,T-202,Cooling Water Temp,°C,Cooling Area,42.35,False
2026-10-01 03:15:00,T-202,Cooling Water Temp,°C,Cooling Area,53.07,True
2026-10-01 03:20:00,T-202,Cooling Water Temp,°C,Cooling Area,37.61,False
2026-10-01 03:25:00,T-202,Cooling Water Temp,°C,Cooling Area,42.59,False
2026-10-01 03:30:00,T-202,Cooling Water Temp,°C,Cooling Area,41.49,False
2026-10-01 03:35:00,T-202,Cooling Water Temp,°C,Cooling Area,41.28,False
2026-10-01 03:40:00,T-202,Cooling Water Temp,°C,Cooling Area,41.84,False
2026-10-01 03:45:00,T-202,Cooling Water Temp,°C,Cooling Area,35.67,False
2026-10-01 03:50:00,T-202,Cooling Water Temp,°C,Cooling Area,36.5,False
2026-10-01 03:55:00,T-202,Cooling Water Temp,°C,Cooling Area,35.74,False
2026-10-01 04:00:00,T-202,Cooling Water Temp,°C,Cooling Area,41.22,False
2026-10-01 04:05:00,T-202,Cooling Water Temp,°C,Cooling Area,39.15,False
2026-10-01 04:10:00,T-202,Cooling Water Temp,°C,Cooling Area,37.9,False
2026-10-01 04:15:00,T-202,Cooling Water Temp,°C,Cooling Area,38.77,False
2026-10-01 04:20:00,T-202,Cooling Water Temp,°C,Cooling Area,37.17,False
2026-10-01 04:25:00,T-202,Cooling Water Temp,°C,Cooling Area,43.69,False
2026-10-01 04:30:00,T-202,Cooling Water Temp,°C,Cooling Area,40.91,False
2026-10-01 04:35:00,T-202,Cooling Water Temp,°C,Cooling Area,42.0,False
2026-10-01 04:40:00,T-202,Cooling Water Temp,°C,Cooling Area,41.23,False
2026-10-01 04:45:00,T-202,Cooling Water Temp,°C,Cooling Area,36.74,False
2026-10-01 04:50:00,T-202,Cooling Water Temp,°C,Cooling Area,42.67,False
2026-10-01 04:55:00,T-202,Cooling Water Temp,°C,Cooling Area,38.81,False
2026-10-01 05:00:00,T-202,Cooling Water Temp,°C,Cooling Area,39.18,False
2026-10-01 05:05:00,T-202,Cooling Water Temp,°C,Cooling Area,40.93,False
2026-10-01 05:10:00,T-202,Cooling Water Temp,°C,Cooling Area,39.6,False
2026-10-01 05:15:00,T-202,Cooling Water Temp,°C,Cooling Area,39.48,False
2026-10-01 05:20:00,T-202,Cooling Water Temp,°C,Cooling Area,41.88,False
2026-10-01 05:25:00,T-202,Cooling Water Temp,°C,Cooling Area,44.79,False
2026-10-01 05:30:00,T-202,Cooling Water Temp,°C,Cooling Area,40.13,False
2026-10-01 05:35:00,T-202,Cooling Water Temp,°C,Cooling Area,41.67,False
2026-10-01 05:40:00,T-202,Cooling Water Temp,°C,Cooling Area,51.96,True
2026-10-01 05:45:00,T-202,Cooling Water Temp,°C,Cooling Area,40.79,False
2026-10-01 05:50:00,T-202,Cooling Water Temp,°C,Cooling Area,40.66,False
2026-10-01 05:55:00,T-202,Cooling Water Temp,°C,Cooling Area,41.2,False
2026-10-01 06:00:00,T-202,Cooling Water Temp,°C,Cooling Area,40.13,False
2026-10-01 06:05:00,T-202,Cooling Water Temp,°C,Cooling Area,40.55,False
2026-10-01 06:10:00,T-202,Cooling Water Temp,°C,Cooling Area,37.05,False
2026-10-01 06:15:00,T-202,Cooling Water Temp,°C,Cooling Area,39.07,False
2026-10-01 06:20:00,T-202,Cooling Water Temp,°C,Cooling Area,38.37,False
2026-10-01 06:25:00,T-202,Cooling Water Temp,°C,Cooling Area,43.11,False
2026-10-01 06:30:00,T-202,Cooling Water Temp,°C,Cooling Area,41.11,False
2026-10-01 06:35:00,T-202,Cooling Water Temp,°C,Cooling Area,37.86,False
2026-10-01 06:40:00,T-202,Cooling Water Temp,°C,Cooling Area,39.02,False
2026-10-01 06:45:00,T-202,Cooling Water Temp,°C,Cooling Area,40.53,False
2026-10-01 06:50:00,T-202,Cooling Water Temp,°C,Cooling Area,40.36,False
2026-10-01 06:55:00,T-202,Cooling Water Temp,°C,Cooling Area,38.08,False
2026-10-01 07:00:00,T-202,Cooling Water Temp,°C,Cooling Area,40.66,False
2026-10-01 07:05:00,T-202,Cooling Water Temp,°C,Cooling Area,43.69,False
2026-10-01 07:10:00,T-202,Cooling Water Temp,°C,Cooling Area,42.18,False
2026-10-01 07:15:00,T-202,Cooling Water Temp,°C,Cooling Area,42.23,False
2026-10-01 07:20:00,T-202,Cooling Water Temp,°C,Cooling Area,38.72,False
2026-10-01 07:25:00,T-202,Cooling Water Temp,°C,Cooling Area,39.36,False
2026-10-01 07:30:00,T-202,Cooling Water Temp,°C,Cooling Area,39.43,False
2026-10-01 07:35:00,T-202,Cooling Water Temp,°C,Cooling Area,41.1,False
2026-10-01 07:40:00,T-202,Cooling Water Temp,°C,Cooling Area,36.08,False
2026-10-01 07:45:00,T-202,Cooling Water Temp,°C,Cooling Area,54.01,True
2026-10-01 07:50:00,T-202,Cooling Water Temp,°C,Cooling Area,40.26,False
2026-10-01 07:55:00,T-202,Cooling Water Temp,°C,Cooling Area,38.79,False
2026-10-01 08:00:00,T-202,Cooling Water Temp,°C,Cooling Area,37.38,False
2026-10-01 08:05:00,T-202,Cooling Water Temp,°C,Cooling Area,37.43,False
2026-10-01 08:10:00,T-202,Cooling Water Temp,°C,Cooling Area,53.84,True
2026-10-01 08:15:00,T-202,Cooling Water Temp,°C,Cooling Area,41.46,False
2026-10-01 08:20:00,T-202,Cooling Water Temp,°C,Cooling Area,36.68,False
2026-10-01 08:25:00,T-202,Cooling Water Temp,°C,Cooling Area,36.2,False
2026-10-01 08:30:00,T-202,Cooling Water Temp,°C,Cooling Area,43.41,False
2026-10-01 08:35:00,T-202,Cooling Water Temp,°C,Cooling Area,42.8,False
2026-10-01 08:40:00,T-202,Cooling Water Temp,°C,Cooling Area,36.47,False
2026-10-01 08:45:00,T-202,Cooling Water Temp,°C,Cooling Area,43.01,False
2026-10-01 08:50:00,T-202,Cooling Water Temp,°C,Cooling Area,54.61,True
2026-10-01 08:55:00,T-202,Cooling Water Temp,°C,Cooling Area,39.93,False
2026-10-01 09:00:00,T-202,Cooling Water Temp,°C,Cooling Area,43.24,False
2026-10-01 09:05:00,T-202,Cooling Water Temp,°C,Cooling Area,38.49,False
2026-10-01 09:10:00,T-202,Cooling Water Temp,°C,Cooling Area,42.35,False
2026-10-01 09:15:00,T-202,Cooling Water Temp,°C,Cooling Area,40.69,False
2026-10-01 09:20:00,T-202,Cooling Water Temp,°C,Cooling Area,38.32,False
2026-10-01 09:25:00,T-202,Cooling Water Temp,°C,Cooling Area,39.67,False
2026-10-01 09:30:00,T-202,Cooling Water Temp,°C,Cooling Area,39.47,False
2026-10-01 09:35:00,T-202,Cooling Water Temp,°C,Cooling Area,40.34,False
2026-10-01 09:40:00,T-202,Cooling Water Temp,°C,Cooling Area,40.98,False
2026-10-01 09:45:00,T-202,Cooling Water Temp,°C,Cooling Area,36.84,False
2026-10-01 09:50:00,T-202,Cooling Water Temp,°C,Cooling Area,39.01,False
2026-10-01 09:55:00,T-202,Cooling Water Temp,°C,Cooling Area,38.88,False
2026-10-01 10:00:00,T-202,Cooling Water Temp,°C,Cooling Area,42.77,False
2026-10-01 10:05:00,T-202,Cooling Water Temp,°C,Cooling Area,41.21,False
2026-10-01 10:10:00,T-202,Cooling Water Temp,°C,Cooling Area,36.62,False
2026-10-01 10:15:00,T-202,Cooling Water Temp,°C,Cooling Area,39.76,False
2026-10-01 10:20:00,T-202,Cooling Water Temp,°C,Cooling Area,37.24,False
2026-10-01 10:25:00,T-202,Cooling Water Temp,°C,Cooling Area,39.87,False
2026-10-01 10:30:00,T-202,Cooling Water Temp,°C,Cooling Area,41.87,False
2026-10-01 10:35:00,T-202,Cooling Water Temp,°C,Cooling Area,58.83,True
2026-10-01 10:40:00,T-202,Cooling Water Temp,°C,Cooling Area,40.09,False
2026-10-01 10:45:00,T-202,Cooling Water Temp,°C,Cooling Area,41.94,False
2026-10-01 10:50:00,T-202,Cooling Water Temp,°C,Cooling Area,44.16,False
2026-10-01 10:55:00,T-202,Cooling Water Temp,°C,Cooling Area,42.21,False
2026-10-01 11:00:00,T-202,Cooling Water Temp,°C,Cooling Area,42.14,False
2026-10-01 11:05:00,T-202,Cooling Water Temp,°C,Cooling Area,39.19,False
2026-10-01 11:10:00,T-202,Cooling Water Temp,°C,Cooling Area,38.89,False
2026-10-01 11:15:00,T-202,Cooling Water Temp,°C,Cooling Area,43.6,False
2026-10-01 11:20:00,T-202,Cooling Water Temp,°C,Cooling Area,43.06,False
2026-10-01 11:25:00,T-202,Cooling Water Temp,°C,Cooling Area,40.82,False
2026-10-01 11:30:00,T-202,Cooling Water Temp,°C,Cooling Area,42.39,False
2026-10-01 11:35:00,T-202,Cooling Water Temp,°C,Cooling Area,41.79,False
2026-10-01 11:40:00,T-202,Cooling Water Temp,°C,Cooling Area,39.52,False
2026-10-01 11:45:00,T-202,Cooling Water Temp,°C,Cooling Area,41.6,False
2026-10-01 11:50:00,T-202,Cooling Water Temp,°C,Cooling Area,37.5,False
2026-10-01 11:55:00,T-202,Cooling Water Temp,°C,Cooling Area,39.61,False
2026-10-01 12:00:00,T-202,Cooling Water Temp,°C,Cooling Area,37.47,False
2026-10-01 12:05:00,T-202,Cooling Water Temp,°C,Cooling Area,42.37,False
2026-10-01 12:10:00,T-202,Cooling Water Temp,°C,Cooling Area,43.07,False
2026-10-01 12:15:00,T-202,Cooling Water Temp,°C,Cooling Area,37.46,False
2026-10-01 12:20:00,T-202,Cooling Water Temp,°C,Cooling Area,36.9,False
2026-10-01 12:25:00,T-202,Cooling Water Temp,°C,Cooling Area,40.54,False
2026-10-01 12:30:00,T-202,Cooling Water Temp,°C,Cooling Area,40.04,False
2026-10-01 12:35:00,T-202,Cooling Water Temp,°C,Cooling Area,63.77,True
2026-10-01 12:40:00,T-202,Cooling Water Temp,°C,Cooling Area,39.86,False
2026-10-01 12:45:00,T-202,Cooling Water Temp,°C,Cooling Area,51.92,True
2026-10-01 12:50:00,T-202,Cooling Water Temp,°C,Cooling Area,41.62,False
2026-10-01 12:55:00,T-202,Cooling Water Temp,°C,Cooling Area,39.35,False
2026-10-01 13:00:00,T-202,Cooling Water Temp,°C,Cooling Area,40.2,False
2026-10-01 13:05:00,T-202,Cooling Water Temp,°C,Cooling Area,40.32,False
2026-10-01 13:10:00,T-202,Cooling Water Temp,°C,Cooling Area,39.97,False
2026-10-01 13:15:00,T-202,Cooling Water Temp,°C,Cooling Area,41.17,False
2026-10-01 13:20:00,T-202,Cooling Water Temp,°C,Cooling Area,41.13,False
2026-10-01 13:25:00,T-202,Cooling Water Temp,°C,Cooling Area,38.51,False
2026-10-01 13:30:00,T-202,Cooling Water Temp,°C,Cooling Area,42.97,False
2026-10-01 13:35:00,T-202,Cooling Water Temp,°C,Cooling Area,53.59,True
2026-10-01 13:40:00,T-202,Cooling Water Temp,°C,Cooling Area,40.82,False
2026-10-01 13:45:00,T-202,Cooling Water Temp,°C,Cooling Area,38.83,False
2026-10-01 13:50:00,T-202,Cooling Water Temp,°C,Cooling Area,59.36,True
2026-10-01 13:55:00,T-202,Cooling Water Temp,°C,Cooling Area,36.78,False
2026-10-01 14:00:00,T-202,Cooling Water Temp,°C,Cooling Area,41.87,False
2026-10-01 14:05:00,T-202,Cooling Water Temp,°C,Cooling Area,41.31,False
2026-10-01 14:10:00,T-202,Cooling Water Temp,°C,Cooling Area,41.61,False
2026-10-01 14:15:00,T-202,Cooling Water Temp,°C,Cooling Area,37.84,False
2026-10-01 14:20:00,T-202,Cooling Water Temp,°C,Cooling Area,41.63,False
2026-10-01 14:25:00,T-202,Cooling Water Temp,°C,Cooling Area,38.0,False
2026-10-01 14:30:00,T-202,Cooling Water Temp,°C,Cooling Area,39.35,False
2026-10-01 14:35:00,T-202,Cooling Water Temp,°C,Cooling Area,37.9,False
2026-10-01 14:40:00,T-202,Cooling Water Temp,°C,Cooling Area,35.52,False
2026-10-01 14:45:00,T-202,Cooling Water Temp,°C,Cooling Area,41.49,False
2026-10-01 14:50:00,T-202,Cooling Water Temp,°C,Cooling Area,54.5,True
2026-10-01 14:55:00,T-202,Cooling Water Temp,°C,Cooling Area,41.92,False
2026-10-01 15:00:00,T-202,Cooling Water Temp,°C,Cooling Area,37.97,False
2026-10-01 15:05:00,T-202,Cooling Water Temp,°C,Cooling Area,39.81,False
2026-10-01 15:10:00,T-202,Cooling Water Temp,°C,Cooling Area,34.72,False
2026-10-01 15:15:00,T-202,Cooling Water Temp,°C,Cooling Area,39.36,False
2026-10-01 15:20:00,T-202,Cooling Water Temp,°C,Cooling Area,42.04,False
2026-10-01 15:25:00,T-202,Cooling Water Temp,°C,Cooling Area,37.72,False
2026-10-01 15:30:00,T-202,Cooling Water Temp,°C,Cooling Area,38.47,False
2026-10-01 15:35:00,T-202,Cooling Water Temp,°C,Cooling Area,40.06,False
2026-10-01 15:40:00,T-202,Cooling Water Temp,°C,Cooling Area,40.6,False
2026-10-01 15:45:00,T-202,Cooling Water Temp,°C,Cooling Area,38.17,False
2026-10-01 15:50:00,T-202,Cooling Water Temp,°C,Cooling Area,39.3,False
2026-10-01 15:55:00,T-202,Cooling Water Temp,°C,Cooling Area,35.87,False
2026-10-01 16:00:00,T-202,Cooling Water Temp,°C,Cooling Area,37.28,False
2026-10-01 16:05:00,T-202,Cooling Water Temp,°C,Cooling Area,36.35,False
2026-10-01 16:10:00,T-202,Cooling Water Temp,°C,Cooling Area,35.83,False
2026-10-01 16:15:00,T-202,Cooling Water Temp,°C,Cooling Area,38.39,False
2026-10-01 16:20:00,T-202,Cooling Water Temp,°C,Cooling Area,40.39,False
2026-10-01 16:25:00,T-202,Cooling Water Temp,°C,Cooling Area,42.96,False
2026-10-01 16:30:00,T-202,Cooling Water Temp,°C,Cooling Area,38.54,False
2026-10-01 16:35:00,T-202,Cooling Water Temp,°C,Cooling Area,40.36,False
2026-10-01 16:40:00,T-202,Cooling Water Temp,°C,Cooling Area,37.51,False
2026-10-01 16:45:00,T-202,Cooling Water Temp,°C,Cooling Area,41.41,False
2026-10-01 16:50:00,T-202,Cooling Water Temp,°C,Cooling Area,36.51,False
2026-10-01 16:55:00,T-202,Cooling Water Temp,°C,Cooling Area,36.7,False
2026-10-01 17:00:00,T-202,Cooling Water Temp,°C,Cooling Area,40.29,False
2026-10-01 17:05:00,T-202,Cooling Water Temp,°C,Cooling Area,41.83,False
2026-10-01 17:10:00,T-202,Cooling Water Temp,°C,Cooling Area,41.88,False
2026-10-01 17:15:00,T-202,Cooling Water Temp,°C,Cooling Area,43.33,False
2026-10-01 17:20:00,T-202,Cooling Water Temp,°C,Cooling Area,38.11,False
2026-10-01 17:25:00,T-202,Cooling Water Temp,°C,Cooling Area,41.36,False
2026-10-01 17:30:00,T-202,Cooling Water Temp,°C,Cooling Area,40.56,False
2026-10-01 17:35:00,T-202,Cooling Water Temp,°C,Cooling Area,38.12,False
2026-10-01 17:40:00,T-202,Cooling Water Temp,°C,Cooling Area,44.51,False
2026-10-01 17:45:00,T-202,Cooling Water Temp,°C,Cooling Area,40.85,False
2026-10-01 17:50:00,T-202,Cooling Water Temp,°C,Cooling Area,41.41,False
2026-10-01 17:55:00,T-202,Cooling Water Temp,°C,Cooling Area,40.27,False
2026-10-01 18:00:00,T-202,Cooling Water Temp,°C,Cooling Area,50.68,True
2026-10-01 18:05:00,T-202,Cooling Water Temp,°C,Cooling Area,39.63,False
2026-10-01 18:10:00,T-202,Cooling Water Temp,°C,Cooling Area,34.6,False
2026-10-01 18:15:00,T-202,Cooling Water Temp,°C,Cooling Area,39.23,False
2026-10-01 18:20:00,T-202,Cooling Water Temp,°C,Cooling Area,38.5,False
2026-10-01 18:25:00,T-202,Cooling Water Temp,°C,Cooling Area,39.14,False
2026-10-01 18:30:00,T-202,Cooling Water Temp,°C,Cooling Area,41.66,False
2026-10-01 18:35:00,T-202,Cooling Water Temp,°C,Cooling Area,42.09,False
2026-10-01 18:40:00,T-202,Cooling Water Temp,°C,Cooling Area,38.75,False
2026-10-01 18:45:00,T-202,Cooling Water Temp,°C,Cooling Area,39.98,False
2026-10-01 18:50:00,T-202,Cooling Water Temp,°C,Cooling Area,38.04,False
2026-10-01 18:55:00,T-202,Cooling Water Temp,°C,Cooling Area,42.65,False
2026-10-01 19:00:00,T-202,Cooling Water Temp,°C,Cooling Area,41.16,False
2026-10-01 19:05:00,T-202,Cooling Water Temp,°C,Cooling Area,38.08,False
2026-10-01 19:10:00,T-202,Cooling Water Temp,°C,Cooling Area,41.26,False
2026-10-01 19:15:00,T-202,Cooling Water Temp,°C,Cooling Area,41.64,False
2026-10-01 19:20:00,T-202,Cooling Water Temp,°C,Cooling Area,40.64,False
2026-10-01 19:25:00,T-202,Cooling Water Temp,°C,Cooling Area,37.83,False
2026-10-01 19:30:00,T-202,Cooling Water Temp,°C,Cooling Area,39.66,False
2026-10-01 19:35:00,T-202,Cooling Water Temp,°C,Cooling Area,40.8,False
2026-10-01 19:40:00,T-202,Cooling Water Temp,°C,Cooling Area,43.32,False
2026-10-01 19:45:00,T-202,Cooling Water Temp,°C,Cooling Area,38.73,False
2026-10-01 19:50:00,T-202,Cooling Water Temp,°C,Cooling Area,39.75,False
2026-10-01 19:55:00,T-202,Cooling Water Temp,°C,Cooling Area,41.63,False
2026-10-01 20:00:00,T-202,Cooling Water Temp,°C,Cooling Area,39.11,False
2026-10-01 20:05:00,T-202,Cooling Water Temp,°C,Cooling Area,39.39,False
2026-10-01 20:10:00,T-202,Cooling Water Temp,°C,Cooling Area,39.64,False
2026-10-01 20:15:00,T-202,Cooling Water Temp,°C,Cooling Area,41.66,False
2026-10-01 20:20:00,T-202,Cooling Water Temp,°C,Cooling Area,43.36,False
2026-10-01 20:25:00,T-202,Cooling Water Temp,°C,Cooling Area,39.89,False
2026-10-01 20:30:00,T-202,Cooling Water Temp,°C,Cooling Area,42.42,False
2026-10-01 20:35:00,T-202,Cooling Water Temp,°C,Cooling Area,38.79,False
2026-10-01 20:40:00,T-202,Cooling Water Temp,°C,Cooling Area,38.7,False
2026-10-01 20:45:00,T-202,Cooling Water Temp,°C,Cooling Area,56.88,True
2026-10-01 20:50:00,T-202,Cooling Water Temp,°C,Cooling Area,37.75,False
2026-10-01 20:55:00,T-202,Cooling Water Temp,°C,Cooling Area,38.65,False
2026-10-01 21:00:00,T-202,Cooling Water Temp,°C,Cooling Area,37.17,False
2026-10-01 21:05:00,T-202,Cooling Water Temp,°C,Cooling Area,38.74,False
2026-10-01 21:10:00,T-202,Cooling Water Temp,°C,Cooling Area,38.62,False
2026-10-01 21:15:00,T-202,Cooling Water Temp,°C,Cooling Area,38.68,False
2026-10-01 21:20:00,T-202,Cooling Water Temp,°C,Cooling Area,39.83,False
2026-10-01 21:25:00,T-202,Cooling Water Temp,°C,Cooling Area,37.11,False
2026-10-01 21:30:00,T-202,Cooling Water Temp,°C,Cooling Area,43.63,False
2026-10-01 21:35:00,T-202,Cooling Water Temp,°C,Cooling Area,56.84,True
2026-10-01 21:40:00,T-202,Cooling Water Temp,°C,Cooling Area,42.04,False
2026-10-01 21:45:00,T-202,Cooling Water Temp,°C,Cooling Area,38.57,False
2026-10-01 21:50:00,T-202,Cooling Water Temp,°C,Cooling Area,56.59,True
2026-10-01 21:55:00,T-202,Cooling Water Temp,°C,Cooling Area,41.39,False
2026-10-01 22:00:00,T-202,Cooling Water Temp,°C,Cooling Area,42.02,False
2026-10-01 22:05:00,T-202,Cooling Water Temp,°C,Cooling Area,40.83,False
2026-10-01 22:10:00,T-202,Cooling Water Temp,°C,Cooling Area,41.16,False
2026-10-01 22:15:00,T-202,Cooling Water Temp,°C,Cooling Area,34.81,False
2026-10-01 22:20:00,T-202,Cooling Water Temp,°C,Cooling Area,38.66,False
2026-10-01 22:25:00,T-202,Cooling Water Temp,°C,Cooling Area,38.42,False
2026-10-01 22:30:00,T-202,Cooling Water Temp,°C,Cooling Area,40.0,False
2026-10-01 22:35:00,T-202,Cooling Water Temp,°C,Cooling Area,38.23,False
2026-10-01 22:40:00,T-202,Cooling Water Temp,°C,Cooling Area,40.65,False
2026-10-01 22:45:00,T-202,Cooling Water Temp,°C,Cooling Area,37.61,False
2026-10-01 22:50:00,T-202,Cooling Water Temp,°C,Cooling Area,40.95,False
2026-10-01 22:55:00,T-202,Cooling Water Temp,°C,Cooling Area,41.28,False
2026-10-01 23:00:00,T-202,Cooling Water Temp,°C,Cooling Area,35.89,False
2026-10-01 23:05:00,T-202,Cooling Water Temp,°C,Cooling Area,39.89,False
2026-10-01 23:10:00,T-202,Cooling Water Temp,°C,Cooling Area,39.64,False
2026-10-01 23:15:00,T-202,Cooling Water Temp,°C,Cooling Area,37.62,False
2026-10-01 23:20:00,T-202,Cooling Water Temp,°C,Cooling Area,40.39,False
2026-10-01 23:25:00,T-202,Cooling Water Temp,°C,Cooling Area,41.96,False
2026-10-01 23:30:00,T-202,Cooling Water Temp,°C,Cooling Area,40.6,False
2026-10-01 23:35:00,T-202,Cooling Water Temp,°C,Cooling Area,39.11,False
2026-10-01 23:40:00,T-202,Cooling Water Temp,°C,Cooling Area,40.94,False
2026-10-01 23:45:00,T-202,Cooling Water Temp,°C,Cooling Area,39.07,False
2026-10-01 23:50:00,T-202,Cooling Water Temp,°C,Cooling Area,40.54,False
2026-10-01 23:55:00,T-202,Cooling Water Temp,°C,Cooling Area,38.72,False
2026-10-01 00:00:00,F-301,Main Flow Rate,m³/h,Flow Area,41.46,False
2026-10-01 00:05:00,F-301,Main Flow Rate,m³/h,Flow Area,31.32,False
2026-10-01 00:10:00,F-301,Main Flow Rate,m³/h,Flow Area,34.58,False
2026-10-01 00:15:00,F-301,Main Flow Rate,m³/h,Flow Area,34.57,False
2026-10-01 00:20:00,F-301,Main Flow Rate,m³/h,Flow Area,35.4,False
2026-10-01 00:25:00,F-301,Main Flow Rate,m³/h,Flow Area,37.04,False
2026-10-01 00:30:00,F-301,Main Flow Rate,m³/h,Flow Area,37.98,False
2026-10-01 00:35:00,F-301,Main Flow Rate,m³/h,Flow Area,44.0,False
2026-10-01 00:40:00,F-301,Main Flow Rate,m³/h,Flow Area,34.47,False
2026-10-01 00:45:00,F-301,Main Flow Rate,m³/h,Flow Area,37.73,False
2026-10-01 00:50:00,F-301,Main Flow Rate,m³/h,Flow Area,35.56,False
2026-10-01 00:55:00,F-301,Main Flow Rate,m³/h,Flow Area,38.76,False
2026-10-01 01:00:00,F-301,Main Flow Rate,m³/h,Flow Area,39.25,False
2026-10-01 01:05:00,F-301,Main Flow Rate,m³/h,Flow Area,36.14,False
2026-10-01 01:10:00,F-301,Main Flow Rate,m³/h,Flow Area,52.93,True
2026-10-01 01:15:00,F-301,Main Flow Rate,m³/h,Flow Area,34.0,False
2026-10-01 01:20:00,F-301,Main Flow Rate,m³/h,Flow Area,41.86,False
2026-10-01 01:25:00,F-301,Main Flow Rate,m³/h,Flow Area,36.06,False
2026-10-01 01:30:00,F-301,Main Flow Rate,m³/h,Flow Area,38.59,False
2026-10-01 01:35:00,F-301,Main Flow Rate,m³/h,Flow Area,38.34,False
2026-10-01 01:40:00,F-301,Main Flow Rate,m³/h,Flow Area,34.3,False
2026-10-01 01:45:00,F-301,Main Flow Rate,m³/h,Flow Area,36.07,False
2026-10-01 01:50:00,F-301,Main Flow Rate,m³/h,Flow Area,36.99,False
2026-10-01 01:55:00,F-301,Main Flow Rate,m³/h,Flow Area,48.72,True
2026-10-01 02:00:00,F-301,Main Flow Rate,m³/h,Flow Area,44.74,False
2026-10-01 02:05:00,F-301,Main Flow Rate,m³/h,Flow Area,40.85,False
2026-10-01 02:10:00,F-301,Main Flow Rate,m³/h,Flow Area,43.24,False
2026-10-01 02:15:00,F-301,Main Flow Rate,m³/h,Flow Area,37.02,False
2026-10-01 02:20:00,F-301,Main Flow Rate,m³/h,Flow Area,34.72,False
2026-10-01 02:25:00,F-301,Main Flow Rate,m³/h,Flow Area,39.56,False
2026-10-01 02:30:00,F-301,Main Flow Rate,m³/h,Flow Area,39.13,False
2026-10-01 02:35:00,F-301,Main Flow Rate,m³/h,Flow Area,33.72,False
2026-10-01 02:40:00,F-301,Main Flow Rate,m³/h,Flow Area,38.33,False
2026-10-01 02:45:00,F-301,Main Flow Rate,m³/h,Flow Area,42.4,False
2026-10-01 02:50:00,F-301,Main Flow Rate,m³/h,Flow Area,37.31,False
2026-10-01 02:55:00,F-301,Main Flow Rate,m³/h,Flow Area,54.68,True
2026-10-01 03:00:00,F-301,Main Flow Rate,m³/h,Flow Area,40.72,False
2026-10-01 03:05:00,F-301,Main Flow Rate,m³/h,Flow Area,56.3,True
2026-10-01 03:10:00,F-301,Main Flow Rate,m³/h,Flow Area,46.34,True
2026-10-01 03:15:00,F-301,Main Flow Rate,m³/h,Flow Area,37.19,False
2026-10-01 03:20:00,F-301,Main Flow Rate,m³/h,Flow Area,36.32,False
2026-10-01 03:25:00,F-301,Main Flow Rate,m³/h,Flow Area,39.77,False
2026-10-01 03:30:00,F-301,Main Flow Rate,m³/h,Flow Area,35.85,False
2026-10-01 03:35:00,F-301,Main Flow Rate,m³/h,Flow Area,36.53,False
2026-10-01 03:40:00,F-301,Main Flow Rate,m³/h,Flow Area,35.24,False
2026-10-01 03:45:00,F-301,Main Flow Rate,m³/h,Flow Area,38.87,False
2026-10-01 03:50:00,F-301,Main Flow Rate,m³/h,Flow Area,39.96,False
2026-10-01 03:55:00,F-301,Main Flow Rate,m³/h,Flow Area,40.99,False
2026-10-01 04:00:00,F-301,Main Flow Rate,m³/h,Flow Area,41.58,False
2026-10-01 04:05:00,F-301,Main Flow Rate,m³/h,Flow Area,38.12,False
2026-10-01 04:10:00,F-301,Main Flow Rate,m³/h,Flow Area,37.76,False
2026-10-01 04:15:00,F-301,Main Flow Rate,m³/h,Flow Area,36.31,False
2026-10-01 04:20:00,F-301,Main Flow Rate,m³/h,Flow Area,41.84,False
2026-10-01 04:25:00,F-301,Main Flow Rate,m³/h,Flow Area,37.33,False
2026-10-01 04:30:00,F-301,Main Flow Rate,m³/h,Flow Area,59.11,True
2026-10-01 04:35:00,F-301,Main Flow Rate,m³/h,Flow Area,37.35,False
2026-10-01 04:40:00,F-301,Main Flow Rate,m³/h,Flow Area,40.28,False
2026-10-01 04:45:00,F-301,Main Flow Rate,m³/h,Flow Area,36.19,False
2026-10-01 04:50:00,F-301,Main Flow Rate,m³/h,Flow Area,39.14,False
2026-10-01 04:55:00,F-301,Main Flow Rate,m³/h,Flow Area,36.41,False
2026-10-01 05:00:00,F-301,Main Flow Rate,m³/h,Flow Area,39.29,False
2026-10-01 05:05:00,F-301,Main Flow Rate,m³/h,Flow Area,40.35,False
2026-10-01 05:10:00,F-301,Main Flow Rate,m³/h,Flow Area,34.66,False
2026-10-01 05:15:00,F-301,Main Flow Rate,m³/h,Flow Area,38.64,False
2026-10-01 05:20:00,F-301,Main Flow Rate,m³/h,Flow Area,36.76,False
2026-10-01 05:25:00,F-301,Main Flow Rate,m³/h,Flow Area,40.34,False
2026-10-01 05:30:00,F-301,Main Flow Rate,m³/h,Flow Area,36.3,False
2026-10-01 05:35:00,F-301,Main Flow Rate,m³/h,Flow Area,34.7,False
2026-10-01 05:40:00,F-301,Main Flow Rate,m³/h,Flow Area,35.94,False
2026-10-01 05:45:00,F-301,Main Flow Rate,m³/h,Flow Area,37.12,False
2026-10-01 05:50:00,F-301,Main Flow Rate,m³/h,Flow Area,37.84,False
2026-10-01 05:55:00,F-301,Main Flow Rate,m³/h,Flow Area,38.82,False
2026-10-01 06:00:00,F-301,Main Flow Rate,m³/h,Flow Area,42.37,False
2026-10-01 06:05:00,F-301,Main Flow Rate,m³/h,Flow Area,35.16,False
2026-10-01 06:10:00,F-301,Main Flow Rate,m³/h,Flow Area,39.66,False
2026-10-01 06:15:00,F-301,Main Flow Rate,m³/h,Flow Area,36.66,False
2026-10-01 06:20:00,F-301,Main Flow Rate,m³/h,Flow Area,34.8,False
2026-10-01 06:25:00,F-301,Main Flow Rate,m³/h,Flow Area,37.7,False
2026-10-01 06:30:00,F-301,Main Flow Rate,m³/h,Flow Area,42.46,False
2026-10-01 06:35:00,F-301,Main Flow Rate,m³/h,Flow Area,42.16,False
2026-10-01 06:40:00,F-301,Main Flow Rate,m³/h,Flow Area,44.41,False
2026-10-01 06:45:00,F-301,Main Flow Rate,m³/h,Flow Area,40.01,False
2026-10-01 06:50:00,F-301,Main Flow Rate,m³/h,Flow Area,37.97,False
2026-10-01 06:55:00,F-301,Main Flow Rate,m³/h,Flow Area,36.75,False
2026-10-01 07:00:00,F-301,Main Flow Rate,m³/h,Flow Area,35.82,False
2026-10-01 07:05:00,F-301,Main Flow Rate,m³/h,Flow Area,36.49,False
2026-10-01 07:10:00,F-301,Main Flow Rate,m³/h,Flow Area,33.79,False
2026-10-01 07:15:00,F-301,Main Flow Rate,m³/h,Flow Area,51.66,True
2026-10-01 07:20:00,F-301,Main Flow Rate,m³/h,Flow Area,36.18,False
2026-10-01 07:25:00,F-301,Main Flow Rate,m³/h,Flow Area,31.74,False
2026-10-01 07:30:00,F-301,Main Flow Rate,m³/h,Flow Area,40.86,False
2026-10-01 07:35:00,F-301,Main Flow Rate,m³/h,Flow Area,34.4,False
2026-10-01 07:40:00,F-301,Main Flow Rate,m³/h,Flow Area,44.44,True
2026-10-01 07:45:00,F-301,Main Flow Rate,m³/h,Flow Area,35.79,False
2026-10-01 07:50:00,F-301,Main Flow Rate,m³/h,Flow Area,50.14,True
2026-10-01 07:55:00,F-301,Main Flow Rate,m³/h,Flow Area,36.73,False
2026-10-01 08:00:00,F-301,Main Flow Rate,m³/h,Flow Area,40.3,False
2026-10-01 08:05:00,F-301,Main Flow Rate,m³/h,Flow Area,35.46,False
2026-10-01 08:10:00,F-301,Main Flow Rate,m³/h,Flow Area,34.65,False
2026-10-01 08:15:00,F-301,Main Flow Rate,m³/h,Flow Area,36.5,False
2026-10-01 08:20:00,F-301,Main Flow Rate,m³/h,Flow Area,36.58,False
2026-10-01 08:25:00,F-301,Main Flow Rate,m³/h,Flow Area,38.86,False
2026-10-01 08:30:00,F-301,Main Flow Rate,m³/h,Flow Area,38.82,False
2026-10-01 08:35:00,F-301,Main Flow Rate,m³/h,Flow Area,36.82,False
2026-10-01 08:40:00,F-301,Main Flow Rate,m³/h,Flow Area,40.6,False
2026-10-01 08:45:00,F-301,Main Flow Rate,m³/h,Flow Area,41.39,False
2026-10-01 08:50:00,F-301,Main Flow Rate,m³/h,Flow Area,37.47,False
2026-10-01 08:55:00,F-301,Main Flow Rate,m³/h,Flow Area,43.74,False
2026-10-01 09:00:00,F-301,Main Flow Rate,m³/h,Flow Area,31.57,False
2026-10-01 09:05:00,F-301,Main Flow Rate,m³/h,Flow Area,42.48,False
2026-10-01 09:10:00,F-301,Main Flow Rate,m³/h,Flow Area,48.4,True
2026-10-01 09:15:00,F-301,Main Flow Rate,m³/h,Flow Area,44.37,False
2026-10-01 09:20:00,F-301,Main Flow Rate,m³/h,Flow Area,37.93,False
2026-10-01 09:25:00,F-301,Main Flow Rate,m³/h,Flow Area,67.57,True
2026-10-01 09:30:00,F-301,Main Flow Rate,m³/h,Flow Area,37.75,False
2026-10-01 09:35:00,F-301,Main Flow Rate,m³/h,Flow Area,39.1,False
2026-10-01 09:40:00,F-301,Main Flow Rate,m³/h,Flow Area,41.8,False
2026-10-01 09:45:00,F-301,Main Flow Rate,m³/h,Flow Area,37.05,False
2026-10-01 09:50:00,F-301,Main Flow Rate,m³/h,Flow Area,32.09,False
2026-10-01 09:55:00,F-301,Main Flow Rate,m³/h,Flow Area,36.9,False
2026-10-01 10:00:00,F-301,Main Flow Rate,m³/h,Flow Area,39.99,False
2026-10-01 10:05:00,F-301,Main Flow Rate,m³/h,Flow Area,50.52,True
2026-10-01 10:10:00,F-301,Main Flow Rate,m³/h,Flow Area,36.49,False
2026-10-01 10:15:00,F-301,Main Flow Rate,m³/h,Flow Area,40.49,False
2026-10-01 10:20:00,F-301,Main Flow Rate,m³/h,Flow Area,39.65,False
2026-10-01 10:25:00,F-301,Main Flow Rate,m³/h,Flow Area,35.63,False
2026-10-01 10:30:00,F-301,Main Flow Rate,m³/h,Flow Area,41.81,False
2026-10-01 10:35:00,F-301,Main Flow Rate,m³/h,Flow Area,42.63,False
2026-10-01 10:40:00,F-301,Main Flow Rate,m³/h,Flow Area,59.82,True
2026-10-01 10:45:00,F-301,Main Flow Rate,m³/h,Flow Area,39.62,False
2026-10-01 10:50:00,F-301,Main Flow Rate,m³/h,Flow Area,38.65,False
2026-10-01 10:55:00,F-301,Main Flow Rate,m³/h,Flow Area,34.06,False
2026-10-01 11:00:00,F-301,Main Flow Rate,m³/h,Flow Area,37.16,False
2026-10-01 11:05:00,F-301,Main Flow Rate,m³/h,Flow Area,33.62,False
2026-10-01 11:10:00,F-301,Main Flow Rate,m³/h,Flow Area,35.33,False
2026-10-01 11:15:00,F-301,Main Flow Rate,m³/h,Flow Area,39.57,False
2026-10-01 11:20:00,F-301,Main Flow Rate,m³/h,Flow Area,42.2,False
2026-10-01 11:25:00,F-301,Main Flow Rate,m³/h,Flow Area,43.68,False
2026-10-01 11:30:00,F-301,Main Flow Rate,m³/h,Flow Area,32.5,False
2026-10-01 11:35:00,F-301,Main Flow Rate,m³/h,Flow Area,37.77,False
2026-10-01 11:40:00,F-301,Main Flow Rate,m³/h,Flow Area,37.12,False
2026-10-01 11:45:00,F-301,Main Flow Rate,m³/h,Flow Area,42.33,False
2026-10-01 11:50:00,F-301,Main Flow Rate,m³/h,Flow Area,38.18,False
2026-10-01 11:55:00,F-301,Main Flow Rate,m³/h,Flow Area,43.82,False
2026-10-01 12:00:00,F-301,Main Flow Rate,m³/h,Flow Area,38.56,False
2026-10-01 12:05:00,F-301,Main Flow Rate,m³/h,Flow Area,39.46,False
2026-10-01 12:10:00,F-301,Main Flow Rate,m³/h,Flow Area,35.23,False
2026-10-01 12:15:00,F-301,Main Flow Rate,m³/h,Flow Area,29.57,False
2026-10-01 12:20:00,F-301,Main Flow Rate,m³/h,Flow Area,38.78,False
2026-10-01 12:25:00,F-301,Main Flow Rate,m³/h,Flow Area,35.44,False
2026-10-01 12:30:00,F-301,Main Flow Rate,m³/h,Flow Area,41.0,False
2026-10-01 12:35:00,F-301,Main Flow Rate,m³/h,Flow Area,38.1,False
2026-10-01 12:40:00,F-301,Main Flow Rate,m³/h,Flow Area,40.37,False
2026-10-01 12:45:00,F-301,Main Flow Rate,m³/h,Flow Area,40.01,False
2026-10-01 12:50:00,F-301,Main Flow Rate,m³/h,Flow Area,35.58,False
2026-10-01 12:55:00,F-301,Main Flow Rate,m³/h,Flow Area,36.95,False
2026-10-01 13:00:00,F-301,Main Flow Rate,m³/h,Flow Area,36.93,False
2026-10-01 13:05:00,F-301,Main Flow Rate,m³/h,Flow Area,43.4,True
2026-10-01 13:10:00,F-301,Main Flow Rate,m³/h,Flow Area,53.91,True
2026-10-01 13:15:00,F-301,Main Flow Rate,m³/h,Flow Area,46.13,False
2026-10-01 13:20:00,F-301,Main Flow Rate,m³/h,Flow Area,40.03,False
2026-10-01 13:25:00,F-301,Main Flow Rate,m³/h,Flow Area,36.98,False
2026-10-01 13:30:00,F-301,Main Flow Rate,m³/h,Flow Area,41.37,False
2026-10-01 13:35:00,F-301,Main Flow Rate,m³/h,Flow Area,37.44,False
2026-10-01 13:40:00,F-301,Main Flow Rate,m³/h,Flow Area,36.41,False
2026-10-01 13:45:00,F-301,Main Flow Rate,m³/h,Flow Area,41.86,False
2026-10-01 13:50:00,F-301,Main Flow Rate,m³/h,Flow Area,38.69,False
2026-10-01 13:55:00,F-301,Main Flow Rate,m³/h,Flow Area,39.03,False
2026-10-01 14:00:00,F-301,Main Flow Rate,m³/h,Flow Area,35.97,False
2026-10-01 14:05:00,F-301,Main Flow Rate,m³/h,Flow Area,42.24,False
2026-10-01 14:10:00,F-301,Main Flow Rate,m³/h,Flow Area,40.76,False
2026-10-01 14:15:00,F-301,Main Flow Rate,m³/h,Flow Area,41.54,False
2026-10-01 14:20:00,F-301,Main Flow Rate,m³/h,Flow Area,32.93,False
2026-10-01 14:25:00,F-301,Main Flow Rate,m³/h,Flow Area,44.39,False
2026-10-01 14:30:00,F-301,Main Flow Rate,m³/h,Flow Area,32.28,False
2026-10-01 14:35:00,F-301,Main Flow Rate,m³/h,Flow Area,38.97,False
2026-10-01 14:40:00,F-301,Main Flow Rate,m³/h,Flow Area,39.28,False
2026-10-01 14:45:00,F-301,Main Flow Rate,m³/h,Flow Area,36.92,False
2026-10-01 14:50:00,F-301,Main Flow Rate,m³/h,Flow Area,40.87,False
2026-10-01 14:55:00,F-301,Main Flow Rate,m³/h,Flow Area,34.3,False
2026-10-01 15:00:00,F-301,Main Flow Rate,m³/h,Flow Area,31.88,False
2026-10-01 15:05:00,F-301,Main Flow Rate,m³/h,Flow Area,37.16,False
2026-10-01 15:10:00,F-301,Main Flow Rate,m³/h,Flow Area,38.23,False
2026-10-01 15:15:00,F-301,Main Flow Rate,m³/h,Flow Area,37.16,False
2026-10-01 15:20:00,F-301,Main Flow Rate,m³/h,Flow Area,42.59,False
2026-10-01 15:25:00,F-301,Main Flow Rate,m³/h,Flow Area,41.55,False
2026-10-01 15:30:00,F-301,Main Flow Rate,m³/h,Flow Area,36.35,False
2026-10-01 15:35:00,F-301,Main Flow Rate,m³/h,Flow Area,38.18,False
2026-10-01 15:40:00,F-301,Main Flow Rate,m³/h,Flow Area,35.64,False
2026-10-01 15:45:00,F-301,Main Flow Rate,m³/h,Flow Area,50.61,True
2026-10-01 15:50:00,F-301,Main Flow Rate,m³/h,Flow Area,40.64,False
2026-10-01 15:55:00,F-301,Main Flow Rate,m³/h,Flow Area,37.02,False
2026-10-01 16:00:00,F-301,Main Flow Rate,m³/h,Flow Area,39.61,False
2026-10-01 16:05:00,F-301,Main Flow Rate,m³/h,Flow Area,36.64,False
2026-10-01 16:10:00,F-301,Main Flow Rate,m³/h,Flow Area,38.01,False
2026-10-01 16:15:00,F-301,Main Flow Rate,m³/h,Flow Area,39.77,False
2026-10-01 16:20:00,F-301,Main Flow Rate,m³/h,Flow Area,41.87,False
2026-10-01 16:25:00,F-301,Main Flow Rate,m³/h,Flow Area,37.28,False
2026-10-01 16:30:00,F-301,Main Flow Rate,m³/h,Flow Area,38.03,False
2026-10-01 16:35:00,F-301,Main Flow Rate,m³/h,Flow Area,37.1,False
2026-10-01 16:40:00,F-301,Main Flow Rate,m³/h,Flow Area,57.15,True
2026-10-01 16:45:00,F-301,Main Flow Rate,m³/h,Flow Area,59.69,True
2026-10-01 16:50:00,F-301,Main Flow Rate,m³/h,Flow Area,36.58,False
2026-10-01 16:55:00,F-301,Main Flow Rate,m³/h,Flow Area,36.55,False
2026-10-01 17:00:00,F-301,Main Flow Rate,m³/h,Flow Area,40.13,False
2026-10-01 17:05:00,F-301,Main Flow Rate,m³/h,Flow Area,32.88,False
2026-10-01 17:10:00,F-301,Main Flow Rate,m³/h,Flow Area,37.59,False
2026-10-01 17:15:00,F-301,Main Flow Rate,m³/h,Flow Area,29.68,False
2026-10-01 17:20:00,F-301,Main Flow Rate,m³/h,Flow Area,40.7,False
2026-10-01 17:25:00,F-301,Main Flow Rate,m³/h,Flow Area,42.2,False
2026-10-01 17:30:00,F-301,Main Flow Rate,m³/h,Flow Area,39.56,False
2026-10-01 17:35:00,F-301,Main Flow Rate,m³/h,Flow Area,31.27,False
2026-10-01 17:40:00,F-301,Main Flow Rate,m³/h,Flow Area,43.98,False
2026-10-01 17:45:00,F-301,Main Flow Rate,m³/h,Flow Area,34.87,False
2026-10-01 17:50:00,F-301,Main Flow Rate,m³/h,Flow Area,34.67,False
2026-10-01 17:55:00,F-301,Main Flow Rate,m³/h,Flow Area,37.42,False
2026-10-01 18:00:00,F-301,Main Flow Rate,m³/h,Flow Area,39.45,False
2026-10-01 18:05:00,F-301,Main Flow Rate,m³/h,Flow Area,42.92,False
2026-10-01 18:10:00,F-301,Main Flow Rate,m³/h,Flow Area,44.01,False
2026-10-01 18:15:00,F-301,Main Flow Rate,m³/h,Flow Area,37.24,False
2026-10-01 18:20:00,F-301,Main Flow Rate,m³/h,Flow Area,54.93,True
2026-10-01 18:25:00,F-301,Main Flow Rate,m³/h,Flow Area,38.34,False
2026-10-01 18:30:00,F-301,Main Flow Rate,m³/h,Flow Area,38.72,False
2026-10-01 18:35:00,F-301,Main Flow Rate,m³/h,Flow Area,43.35,False
2026-10-01 18:40:00,F-301,Main Flow Rate,m³/h,Flow Area,38.78,False
2026-10-01 18:45:00,F-301,Main Flow Rate,m³/h,Flow Area,41.74,False
2026-10-01 18:50:00,F-301,Main Flow Rate,m³/h,Flow Area,35.32,False
2026-10-01 18:55:00,F-301,Main Flow Rate,m³/h,Flow Area,37.67,False
2026-10-01 19:00:00,F-301,Main Flow Rate,m³/h,Flow Area,34.37,False
2026-10-01 19:05:00,F-301,Main Flow Rate,m³/h,Flow Area,54.32,True
2026-10-01 19:10:00,F-301,Main Flow Rate,m³/h,Flow Area,35.89,False
2026-10-01 19:15:00,F-301,Main Flow Rate,m³/h,Flow Area,37.22,False
2026-10-01 19:20:00,F-301,Main Flow Rate,m³/h,Flow Area,42.61,False
2026-10-01 19:25:00,F-301,Main Flow Rate,m³/h,Flow Area,40.13,False
2026-10-01 19:30:00,F-301,Main Flow Rate,m³/h,Flow Area,43.25,False
2026-10-01 19:35:00,F-301,Main Flow Rate,m³/h,Flow Area,41.47,False
2026-10-01 19:40:00,F-301,Main Flow Rate,m³/h,Flow Area,35.84,False
2026-10-01 19:45:00,F-301,Main Flow Rate,m³/h,Flow Area,41.62,False
2026-10-01 19:50:00,F-301,Main Flow Rate,m³/h,Flow Area,34.43,False
2026-10-01 19:55:00,F-301,Main Flow Rate,m³/h,Flow Area,37.3,False
2026-10-01 20:00:00,F-301,Main Flow Rate,m³/h,Flow Area,39.07,False
2026-10-01 20:05:00,F-301,Main Flow Rate,m³/h,Flow Area,34.17,False
2026-10-01 20:10:00,F-301,Main Flow Rate,m³/h,Flow Area,37.11,False
2026-10-01 20:15:00,F-301,Main Flow Rate,m³/h,Flow Area,42.57,False
2026-10-01 20:20:00,F-301,Main Flow Rate,m³/h,Flow Area,40.8,False
2026-10-01 20:25:00,F-301,Main Flow Rate,m³/h,Flow Area,43.57,False
2026-10-01 20:30:00,F-301,Main Flow Rate,m³/h,Flow Area,34.85,False
2026-10-01 20:35:00,F-301,Main Flow Rate,m³/h,Flow Area,30.58,False
2026-10-01 20:40:00,F-301,Main Flow Rate,m³/h,Flow Area,33.42,False
2026-10-01 20:45:00,F-301,Main Flow Rate,m³/h,Flow Area,37.59,False
2026-10-01 20:50:00,F-301,Main Flow Rate,m³/h,Flow Area,34.18,False
2026-10-01 20:55:00,F-301,Main Flow Rate,m³/h,Flow Area,34.25,False
2026-10-01 21:00:00,F-301,Main Flow Rate,m³/h,Flow Area,32.85,False
2026-10-01 21:05:00,F-301,Main Flow Rate,m³/h,Flow Area,38.11,False
2026-10-01 21:10:00,F-301,Main Flow Rate,m³/h,Flow Area,57.6,True
2026-10-01 21:15:00,F-301,Main Flow Rate,m³/h,Flow Area,40.8,False
2026-10-01 21:20:00,F-301,Main Flow Rate,m³/h,Flow Area,37.81,False
2026-10-01 21:25:00,F-301,Main Flow Rate,m³/h,Flow Area,39.37,False
2026-10-01 21:30:00,F-301,Main Flow Rate,m³/h,Flow Area,36.32,False
2026-10-01 21:35:00,F-301,Main Flow Rate,m³/h,Flow Area,37.11,False
2026-10-01 21:40:00,F-301,Main Flow Rate,m³/h,Flow Area,43.58,False
2026-10-01 21:45:00,F-301,Main Flow Rate,m³/h,Flow Area,36.73,False
2026-10-01 21:50:00,F-301,Main Flow Rate,m³/h,Flow Area,59.45,True
2026-10-01 21:55:00,F-301,Main Flow Rate,m³/h,Flow Area,36.37,False
2026-10-01 22:00:00,F-301,Main Flow Rate,m³/h,Flow Area,44.67,False
2026-10-01 22:05:00,F-301,Main Flow Rate,m³/h,Flow Area,37.61,False
2026-10-01 22:10:00,F-301,Main Flow Rate,m³/h,Flow Area,38.65,False
2026-10-01 22:15:00,F-301,Main Flow Rate,m³/h,Flow Area,37.36,False
2026-10-01 22:20:00,F-301,Main Flow Rate,m³/h,Flow Area,41.62,False
2026-10-01 22:25:00,F-301,Main Flow Rate,m³/h,Flow Area,39.49,False
2026-10-01 22:30:00,F-301,Main Flow Rate,m³/h,Flow Area,43.01,False
2026-10-01 22:35:00,F-301,Main Flow Rate,m³/h,Flow Area,39.74,False
2026-10-01 22:40:00,F-301,Main Flow Rate,m³/h,Flow Area,39.31,False
2026-10-01 22:45:00,F-301,Main Flow Rate,m³/h,Flow Area,38.02,False
2026-10-01 22:50:00,F-301,Main Flow Rate,m³/h,Flow Area,39.79,False
2026-10-01 22:55:00,F-301,Main Flow Rate,m³/h,Flow Area,39.61,False
2026-10-01 23:00:00,F-301,Main Flow Rate,m³/h,Flow Area,39.0,False
2026-10-01 23:05:00,F-301,Main Flow Rate,m³/h,Flow Area,41.56,False
2026-10-01 23:10:00,F-301,Main Flow Rate,m³/h,Flow Area,38.72,False
2026-10-01 23:15:00,F-301,Main Flow Rate,m³/h,Flow Area,34.53,False
2026-10-01 23:20:00,F-301,Main Flow Rate,m³/h,Flow Area,42.66,False
2026-10-01 23:25:00,F-301,Main Flow Rate,m³/h,Flow Area,35.88,False
2026-10-01 23:30:00,F-301,Main Flow Rate,m³/h,Flow Area,38.43,False
2026-10-01 23:35:00,F-301,Main Flow Rate,m³/h,Flow Area,38.06,False
2026-10-01 23:40:00,F-301,Main Flow Rate,m³/h,Flow Area,40.26,False
2026-10-01 23:45:00,F-301,Main Flow Rate,m³/h,Flow Area,38.53,False
2026-10-01 23:50:00,F-301,Main Flow Rate,m³/h,Flow Area,42.84,False
2026-10-01 23:55:00,F-301,Main Flow Rate,m³/h,Flow Area,35.64,False
2026-10-01 00:00:00,V-401,Pump Vibration,mm/s,Pump Area,1.93,False
2026-10-01 00:05:00,V-401,Pump Vibration,mm/s,Pump Area,2.07,False
2026-10-01 00:10:00,V-401,Pump Vibration,mm/s,Pump Area,1.87,False
2026-10-01 00:15:00,V-401,Pump Vibration,mm/s,Pump Area,2.58,False
2026-10-01 00:20:00,V-401,Pump Vibration,mm/s,Pump Area,2.13,False
2026-10-01 00:25:00,V-401,Pump Vibration,mm/s,Pump Area,2.45,False
2026-10-01 00:30:00,V-401,Pump Vibration,mm/s,Pump Area,2.06,False
2026-10-01 00:35:00,V-401,Pump Vibration,mm/s,Pump Area,2.73,True
2026-10-01 00:40:00,V-401,Pump Vibration,mm/s,Pump Area,2.65,False
2026-10-01 00:45:00,V-401,Pump Vibration,mm/s,Pump Area,1.33,False
2026-10-01 00:50:00,V-401,Pump Vibration,mm/s,Pump Area,1.26,False
2026-10-01 00:55:00,V-401,Pump Vibration,mm/s,Pump Area,1.89,False
2026-10-01 01:00:00,V-401,Pump Vibration,mm/s,Pump Area,1.93,False
2026-10-01 01:05:00,V-401,Pump Vibration,mm/s,Pump Area,1.91,False
2026-10-01 01:10:00,V-401,Pump Vibration,mm/s,Pump Area,2.61,False
2026-10-01 01:15:00,V-401,Pump Vibration,mm/s,Pump Area,2.36,False
2026-10-01 01:20:00,V-401,Pump Vibration,mm/s,Pump Area,2.42,False
2026-10-01 01:25:00,V-401,Pump Vibration,mm/s,Pump Area,2.47,False
2026-10-01 01:30:00,V-401,Pump Vibration,mm/s,Pump Area,2.42,False
2026-10-01 01:35:00,V-401,Pump Vibration,mm/s,Pump Area,1.95,False
2026-10-01 01:40:00,V-401,Pump Vibration,mm/s,Pump Area,2.32,False
2026-10-01 01:45:00,V-401,Pump Vibration,mm/s,Pump Area,1.37,False
2026-10-01 01:50:00,V-401,Pump Vibration,mm/s,Pump Area,1.8,False
2026-10-01 01:55:00,V-401,Pump Vibration,mm/s,Pump Area,2.4,False
2026-10-01 02:00:00,V-401,Pump Vibration,mm/s,Pump Area,2.29,False
2026-10-01 02:05:00,V-401,Pump Vibration,mm/s,Pump Area,1.79,False
2026-10-01 02:10:00,V-401,Pump Vibration,mm/s,Pump Area,2.65,False
2026-10-01 02:15:00,V-401,Pump Vibration,mm/s,Pump Area,1.3,False
2026-10-01 02:20:00,V-401,Pump Vibration,mm/s,Pump Area,2.65,False
2026-10-01 02:25:00,V-401,Pump Vibration,mm/s,Pump Area,1.61,False
2026-10-01 02:30:00,V-401,Pump Vibration,mm/s,Pump Area,2.75,False
2026-10-01 02:35:00,V-401,Pump Vibration,mm/s,Pump Area,1.74,False
2026-10-01 02:40:00,V-401,Pump Vibration,mm/s,Pump Area,2.2,False
2026-10-01 02:45:00,V-401,Pump Vibration,mm/s,Pump Area,0.63,True
2026-10-01 02:50:00,V-401,Pump Vibration,mm/s,Pump Area,1.97,False
2026-10-01 02:55:00,V-401,Pump Vibration,mm/s,Pump Area,2.15,False
2026-10-01 03:00:00,V-401,Pump Vibration,mm/s,Pump Area,1.24,False
2026-10-01 03:05:00,V-401,Pump Vibration,mm/s,Pump Area,2.03,False
2026-10-01 03:10:00,V-401,Pump Vibration,mm/s,Pump Area,2.19,False
2026-10-01 03:15:00,V-401,Pump Vibration,mm/s,Pump Area,2.11,False
2026-10-01 03:20:00,V-401,Pump Vibration,mm/s,Pump Area,1.69,False
2026-10-01 03:25:00,V-401,Pump Vibration,mm/s,Pump Area,2.72,False
2026-10-01 03:30:00,V-401,Pump Vibration,mm/s,Pump Area,1.63,False
2026-10-01 03:35:00,V-401,Pump Vibration,mm/s,Pump Area,1.09,False
2026-10-01 03:40:00,V-401,Pump Vibration,mm/s,Pump Area,2.16,False
2026-10-01 03:45:00,V-401,Pump Vibration,mm/s,Pump Area,1.65,False
2026-10-01 03:50:00,V-401,Pump Vibration,mm/s,Pump Area,2.27,False
2026-10-01 03:55:00,V-401,Pump Vibration,mm/s,Pump Area,2.35,False
2026-10-01 04:00:00,V-401,Pump Vibration,mm/s,Pump Area,2.38,False
2026-10-01 04:05:00,V-401,Pump Vibration,mm/s,Pump Area,1.87,False
2026-10-01 04:10:00,V-401,Pump Vibration,mm/s,Pump Area,2.22,False
2026-10-01 04:15:00,V-401,Pump Vibration,mm/s,Pump Area,1.75,False
2026-10-01 04:20:00,V-401,Pump Vibration,mm/s,Pump Area,0.99,False
2026-10-01 04:25:00,V-401,Pump Vibration,mm/s,Pump Area,3.36,True
2026-10-01 04:30:00,V-401,Pump Vibration,mm/s,Pump Area,2.49,False
2026-10-01 04:35:00,V-401,Pump Vibration,mm/s,Pump Area,1.74,False
2026-10-01 04:40:00,V-401,Pump Vibration,mm/s,Pump Area,2.05,False
2026-10-01 04:45:00,V-401,Pump Vibration,mm/s,Pump Area,1.46,False
2026-10-01 04:50:00,V-401,Pump Vibration,mm/s,Pump Area,2.52,True
2026-10-01 04:55:00,V-401,Pump Vibration,mm/s,Pump Area,2.23,False
2026-10-01 05:00:00,V-401,Pump Vibration,mm/s,Pump Area,2.09,False
2026-10-01 05:05:00,V-401,Pump Vibration,mm/s,Pump Area,1.78,False
2026-10-01 05:10:00,V-401,Pump Vibration,mm/s,Pump Area,1.7,False
2026-10-01 05:15:00,V-401,Pump Vibration,mm/s,Pump Area,2.78,False
2026-10-01 05:20:00,V-401,Pump Vibration,mm/s,Pump Area,0.93,False
2026-10-01 05:25:00,V-401,Pump Vibration,mm/s,Pump Area,2.09,False
2026-10-01 05:30:00,V-401,Pump Vibration,mm/s,Pump Area,1.61,False
2026-10-01 05:35:00,V-401,Pump Vibration,mm/s,Pump Area,2.11,False
2026-10-01 05:40:00,V-401,Pump Vibration,mm/s,Pump Area,2.53,False
2026-10-01 05:45:00,V-401,Pump Vibration,mm/s,Pump Area,2.37,False
2026-10-01 05:50:00,V-401,Pump Vibration,mm/s,Pump Area,1.56,False
2026-10-01 05:55:00,V-401,Pump Vibration,mm/s,Pump Area,2.06,False
2026-10-01 06:00:00,V-401,Pump Vibration,mm/s,Pump Area,2.09,False
2026-10-01 06:05:00,V-401,Pump Vibration,mm/s,Pump Area,1.77,False
2026-10-01 06:10:00,V-401,Pump Vibration,mm/s,Pump Area,2.38,False
2026-10-01 06:15:00,V-401,Pump Vibration,mm/s,Pump Area,1.28,False
2026-10-01 06:20:00,V-401,Pump Vibration,mm/s,Pump Area,1.87,False
2026-10-01 06:25:00,V-401,Pump Vibration,mm/s,Pump Area,1.9,False
2026-10-01 06:30:00,V-401,Pump Vibration,mm/s,Pump Area,2.33,False
2026-10-01 06:35:00,V-401,Pump Vibration,mm/s,Pump Area,2.44,False
2026-10-01 06:40:00,V-401,Pump Vibration,mm/s,Pump Area,2.17,False
2026-10-01 06:45:00,V-401,Pump Vibration,mm/s,Pump Area,2.86,False
2026-10-01 06:50:00,V-401,Pump Vibration,mm/s,Pump Area,2.43,False
2026-10-01 06:55:00,V-401,Pump Vibration,mm/s,Pump Area,2.5,False
2026-10-01 07:00:00,V-401,Pump Vibration,mm/s,Pump Area,1.18,False
2026-10-01 07:05:00,V-401,Pump Vibration,mm/s,Pump Area,2.1,False
2026-10-01 07:10:00,V-401,Pump Vibration,mm/s,Pump Area,2.02,False
2026-10-01 07:15:00,V-401,Pump Vibration,mm/s,Pump Area,2.43,False
2026-10-01 07:20:00,V-401,Pump Vibration,mm/s,Pump Area,3.47,True
2026-10-01 07:25:00,V-401,Pump Vibration,mm/s,Pump Area,1.73,False
2026-10-01 07:30:00,V-401,Pump Vibration,mm/s,Pump Area,1.87,False
2026-10-01 07:35:00,V-401,Pump Vibration,mm/s,Pump Area,2.34,True
2026-10-01 07:40:00,V-401,Pump Vibration,mm/s,Pump Area,1.39,False
2026-10-01 07:45:00,V-401,Pump Vibration,mm/s,Pump Area,2.05,False
2026-10-01 07:50:00,V-401,Pump Vibration,mm/s,Pump Area,2.74,False
2026-10-01 07:55:00,V-401,Pump Vibration,mm/s,Pump Area,1.62,False
2026-10-01 08:00:00,V-401,Pump Vibration,mm/s,Pump Area,2.22,False
2026-10-01 08:05:00,V-401,Pump Vibration,mm/s,Pump Area,2.06,False
2026-10-01 08:10:00,V-401,Pump Vibration,mm/s,Pump Area,3.04,False
2026-10-01 08:15:00,V-401,Pump Vibration,mm/s,Pump Area,2.15,False
2026-10-01 08:20:00,V-401,Pump Vibration,mm/s,Pump Area,2.21,False
2026-10-01 08:25:00,V-401,Pump Vibration,mm/s,Pump Area,1.46,False
2026-10-01 08:30:00,V-401,Pump Vibration,mm/s,Pump Area,2.66,True
2026-10-01 08:35:00,V-401,Pump Vibration,mm/s,Pump Area,1.83,False
2026-10-01 08:40:00,V-401,Pump Vibration,mm/s,Pump Area,2.1,False
2026-10-01 08:45:00,V-401,Pump Vibration,mm/s,Pump Area,1.25,False
2026-10-01 08:50:00,V-401,Pump Vibration,mm/s,Pump Area,1.77,False
2026-10-01 08:55:00,V-401,Pump Vibration,mm/s,Pump Area,1.75,False
2026-10-01 09:00:00,V-401,Pump Vibration,mm/s,Pump Area,1.82,False
2026-10-01 09:05:00,V-401,Pump Vibration,mm/s,Pump Area,1.49,False
2026-10-01 09:10:00,V-401,Pump Vibration,mm/s,Pump Area,2.17,False
2026-10-01 09:15:00,V-401,Pump Vibration,mm/s,Pump Area,2.2,False
2026-10-01 09:20:00,V-401,Pump Vibration,mm/s,Pump Area,1.9,False
2026-10-01 09:25:00,V-401,Pump Vibration,mm/s,Pump Area,1.59,False
2026-10-01 09:30:00,V-401,Pump Vibration,mm/s,Pump Area,2.43,False
2026-10-01 09:35:00,V-401,Pump Vibration,mm/s,Pump Area,1.71,False
2026-10-01 09:40:00,V-401,Pump Vibration,mm/s,Pump Area,2.93,False
2026-10-01 09:45:00,V-401,Pump Vibration,mm/s,Pump Area,2.0,False
2026-10-01 09:50:00,V-401,Pump Vibration,mm/s,Pump Area,1.53,False
2026-10-01 09:55:00,V-401,Pump Vibration,mm/s,Pump Area,1.1,False
2026-10-01 10:00:00,V-401,Pump Vibration,mm/s,Pump Area,1.53,False
2026-10-01 10:05:00,V-401,Pump Vibration,mm/s,Pump Area,2.78,False
2026-10-01 10:10:00,V-401,Pump Vibration,mm/s,Pump Area,1.68,False
2026-10-01 10:15:00,V-401,Pump Vibration,mm/s,Pump Area,2.28,False
2026-10-01 10:20:00,V-401,Pump Vibration,mm/s,Pump Area,2.38,False
2026-10-01 10:25:00,V-401,Pump Vibration,mm/s,Pump Area,1.93,False
2026-10-01 10:30:00,V-401,Pump Vibration,mm/s,Pump Area,2.89,False
2026-10-01 10:35:00,V-401,Pump Vibration,mm/s,Pump Area,1.36,False
2026-10-01 10:40:00,V-401,Pump Vibration,mm/s,Pump Area,2.61,False
2026-10-01 10:45:00,V-401,Pump Vibration,mm/s,Pump Area,1.64,False
2026-10-01 10:50:00,V-401,Pump Vibration,mm/s,Pump Area,2.36,False
2026-10-01 10:55:00,V-401,Pump Vibration,mm/s,Pump Area,3.25,False
2026-10-01 11:00:00,V-401,Pump Vibration,mm/s,Pump Area,1.84,False
2026-10-01 11:05:00,V-401,Pump Vibration,mm/s,Pump Area,2.41,False
2026-10-01 11:10:00,V-401,Pump Vibration,mm/s,Pump Area,2.3,False
2026-10-01 11:15:00,V-401,Pump Vibration,mm/s,Pump Area,2.14,False
2026-10-01 11:20:00,V-401,Pump Vibration,mm/s,Pump Area,0.54,False
2026-10-01 11:25:00,V-401,Pump Vibration,mm/s,Pump Area,2.23,False
2026-10-01 11:30:00,V-401,Pump Vibration,mm/s,Pump Area,2.63,True
2026-10-01 11:35:00,V-401,Pump Vibration,mm/s,Pump Area,1.26,False
2026-10-01 11:40:00,V-401,Pump Vibration,mm/s,Pump Area,1.04,False
2026-10-01 11:45:00,V-401,Pump Vibration,mm/s,Pump Area,1.65,False
2026-10-01 11:50:00,V-401,Pump Vibration,mm/s,Pump Area,2.09,False
2026-10-01 11:55:00,V-401,Pump Vibration,mm/s,Pump Area,2.28,False
2026-10-01 12:00:00,V-401,Pump Vibration,mm/s,Pump Area,0.95,False
2026-10-01 12:05:00,V-401,Pump Vibration,mm/s,Pump Area,1.92,False
2026-10-01 12:10:00,V-401,Pump Vibration,mm/s,Pump Area,2.08,False
2026-10-01 12:15:00,V-401,Pump Vibration,mm/s,Pump Area,2.15,False
2026-10-01 12:20:00,V-401,Pump Vibration,mm/s,Pump Area,1.68,False
2026-10-01 12:25:00,V-401,Pump Vibration,mm/s,Pump Area,2.4,False
2026-10-01 12:30:00,V-401,Pump Vibration,mm/s,Pump Area,2.47,False
2026-10-01 12:35:00,V-401,Pump Vibration,mm/s,Pump Area,1.09,False
2026-10-01 12:40:00,V-401,Pump Vibration,mm/s,Pump Area,1.59,False
2026-10-01 12:45:00,V-401,Pump Vibration,mm/s,Pump Area,1.61,False
2026-10-01 12:50:00,V-401,Pump Vibration,mm/s,Pump Area,1.84,False
2026-10-01 12:55:00,V-401,Pump Vibration,mm/s,Pump Area,1.4,False
2026-10-01 13:00:00,V-401,Pump Vibration,mm/s,Pump Area,1.83,False
2026-10-01 13:05:00,V-401,Pump Vibration,mm/s,Pump Area,2.23,False
2026-10-01 13:10:00,V-401,Pump Vibration,mm/s,Pump Area,2.18,False
2026-10-01 13:15:00,V-401,Pump Vibration,mm/s,Pump Area,1.54,False
2026-10-01 13:20:00,V-401,Pump Vibration,mm/s,Pump Area,1.93,False
2026-10-01 13:25:00,V-401,Pump Vibration,mm/s,Pump Area,2.02,False
2026-10-01 13:30:00,V-401,Pump Vibration,mm/s,Pump Area,3.01,True
2026-10-01 13:35:00,V-401,Pump Vibration,mm/s,Pump Area,1.79,False
2026-10-01 13:40:00,V-401,Pump Vibration,mm/s,Pump Area,2.41,False
2026-10-01 13:45:00,V-401,Pump Vibration,mm/s,Pump Area,1.62,False
2026-10-01 13:50:00,V-401,Pump Vibration,mm/s,Pump Area,2.11,False
2026-10-01 13:55:00,V-401,Pump Vibration,mm/s,Pump Area,2.33,False
2026-10-01 14:00:00,V-401,Pump Vibration,mm/s,Pump Area,2.36,False
2026-10-01 14:05:00,V-401,Pump Vibration,mm/s,Pump Area,1.47,False
2026-10-01 14:10:00,V-401,Pump Vibration,mm/s,Pump Area,2.69,False
2026-10-01 14:15:00,V-401,Pump Vibration,mm/s,Pump Area,1.85,False
2026-10-01 14:20:00,V-401,Pump Vibration,mm/s,Pump Area,2.5,False
2026-10-01 14:25:00,V-401,Pump Vibration,mm/s,Pump Area,2.01,False
2026-10-01 14:30:00,V-401,Pump Vibration,mm/s,Pump Area,1.92,False
2026-10-01 14:35:00,V-401,Pump Vibration,mm/s,Pump Area,1.47,False
2026-10-01 14:40:00,V-401,Pump Vibration,mm/s,Pump Area,2.48,False
2026-10-01 14:45:00,V-401,Pump Vibration,mm/s,Pump Area,2.05,False
2026-10-01 14:50:00,V-401,Pump Vibration,mm/s,Pump Area,1.39,False
2026-10-01 14:55:00,V-401,Pump Vibration,mm/s,Pump Area,2.35,False
2026-10-01 15:00:00,V-401,Pump Vibration,mm/s,Pump Area,2.05,False
2026-10-01 15:05:00,V-401,Pump Vibration,mm/s,Pump Area,1.11,False
2026-10-01 15:10:00,V-401,Pump Vibration,mm/s,Pump Area,2.84,False
2026-10-01 15:15:00,V-401,Pump Vibration,mm/s,Pump Area,2.08,False
2026-10-01 15:20:00,V-401,Pump Vibration,mm/s,Pump Area,1.71,False
2026-10-01 15:25:00,V-401,Pump Vibration,mm/s,Pump Area,1.66,False
2026-10-01 15:30:00,V-401,Pump Vibration,mm/s,Pump Area,1.44,False
2026-10-01 15:35:00,V-401,Pump Vibration,mm/s,Pump Area,2.14,False
2026-10-01 15:40:00,V-401,Pump Vibration,mm/s,Pump Area,2.19,False
2026-10-01 15:45:00,V-401,Pump Vibration,mm/s,Pump Area,2.33,False
2026-10-01 15:50:00,V-401,Pump Vibration,mm/s,Pump Area,1.8,False
2026-10-01 15:55:00,V-401,Pump Vibration,mm/s,Pump Area,1.94,False
2026-10-01 16:00:00,V-401,Pump Vibration,mm/s,Pump Area,1.36,False
2026-10-01 16:05:00,V-401,Pump Vibration,mm/s,Pump Area,0.95,False
2026-10-01 16:10:00,V-401,Pump Vibration,mm/s,Pump Area,1.78,False
2026-10-01 16:15:00,V-401,Pump Vibration,mm/s,Pump Area,1.02,False
2026-10-01 16:20:00,V-401,Pump Vibration,mm/s,Pump Area,1.25,False
2026-10-01 16:25:00,V-401,Pump Vibration,mm/s,Pump Area,2.17,False
2026-10-01 16:30:00,V-401,Pump Vibration,mm/s,Pump Area,2.2,False
2026-10-01 16:35:00,V-401,Pump Vibration,mm/s,Pump Area,2.74,False
2026-10-01 16:40:00,V-401,Pump Vibration,mm/s,Pump Area,2.63,True
2026-10-01 16:45:00,V-401,Pump Vibration,mm/s,Pump Area,2.36,False
2026-10-01 16:50:00,V-401,Pump Vibration,mm/s,Pump Area,1.71,False
2026-10-01 16:55:00,V-401,Pump Vibration,mm/s,Pump Area,2.38,False
2026-10-01 17:00:00,V-401,Pump Vibration,mm/s,Pump Area,1.78,False
2026-10-01 17:05:00,V-401,Pump Vibration,mm/s,Pump Area,1.36,False
2026-10-01 17:10:00,V-401,Pump Vibration,mm/s,Pump Area,3.37,True
2026-10-01 17:15:00,V-401,Pump Vibration,mm/s,Pump Area,1.23,False
2026-10-01 17:20:00,V-401,Pump Vibration,mm/s,Pump Area,2.53,False
2026-10-01 17:25:00,V-401,Pump Vibration,mm/s,Pump Area,1.72,False
2026-10-01 17:30:00,V-401,Pump Vibration,mm/s,Pump Area,1.75,False
2026-10-01 17:35:00,V-401,Pump Vibration,mm/s,Pump Area,2.41,False
2026-10-01 17:40:00,V-401,Pump Vibration,mm/s,Pump Area,2.24,False
2026-10-01 17:45:00,V-401,Pump Vibration,mm/s,Pump Area,1.21,False
2026-10-01 17:50:00,V-401,Pump Vibration,mm/s,Pump Area,1.73,False
2026-10-01 17:55:00,V-401,Pump Vibration,mm/s,Pump Area,1.67,False
2026-10-01 18:00:00,V-401,Pump Vibration,mm/s,Pump Area,1.5,False
2026-10-01 18:05:00,V-401,Pump Vibration,mm/s,Pump Area,2.66,False
2026-10-01 18:10:00,V-401,Pump Vibration,mm/s,Pump Area,1.19,False
2026-10-01 18:15:00,V-401,Pump Vibration,mm/s,Pump Area,1.4,False
2026-10-01 18:20:00,V-401,Pump Vibration,mm/s,Pump Area,2.71,False
2026-10-01 18:25:00,V-401,Pump Vibration,mm/s,Pump Area,1.76,False
2026-10-01 18:30:00,V-401,Pump Vibration,mm/s,Pump Area,1.06,False
2026-10-01 18:35:00,V-401,Pump Vibration,mm/s,Pump Area,1.49,False
2026-10-01 18:40:00,V-401,Pump Vibration,mm/s,Pump Area,1.22,False
2026-10-01 18:45:00,V-401,Pump Vibration,mm/s,Pump Area,1.6,False
2026-10-01 18:50:00,V-401,Pump Vibration,mm/s,Pump Area,2.56,False
2026-10-01 18:55:00,V-401,Pump Vibration,mm/s,Pump Area,1.68,False
2026-10-01 19:00:00,V-401,Pump Vibration,mm/s,Pump Area,2.72,False
2026-10-01 19:05:00,V-401,Pump Vibration,mm/s,Pump Area,1.4,False
2026-10-01 19:10:00,V-401,Pump Vibration,mm/s,Pump Area,2.07,False
2026-10-01 19:15:00,V-401,Pump Vibration,mm/s,Pump Area,1.75,False
2026-10-01 19:20:00,V-401,Pump Vibration,mm/s,Pump Area,1.82,False
2026-10-01 19:25:00,V-401,Pump Vibration,mm/s,Pump Area,1.4,False
2026-10-01 19:30:00,V-401,Pump Vibration,mm/s,Pump Area,2.18,False
2026-10-01 19:35:00,V-401,Pump Vibration,mm/s,Pump Area,2.13,False
2026-10-01 19:40:00,V-401,Pump Vibration,mm/s,Pump Area,2.35,False
2026-10-01 19:45:00,V-401,Pump Vibration,mm/s,Pump Area,2.72,False
2026-10-01 19:50:00,V-401,Pump Vibration,mm/s,Pump Area,2.19,False
2026-10-01 19:55:00,V-401,Pump Vibration,mm/s,Pump Area,2.6,False
2026-10-01 20:00:00,V-401,Pump Vibration,mm/s,Pump Area,2.97,False
2026-10-01 20:05:00,V-401,Pump Vibration,mm/s,Pump Area,2.07,False
2026-10-01 20:10:00,V-401,Pump Vibration,mm/s,Pump Area,1.5,False
2026-10-01 20:15:00,V-401,Pump Vibration,mm/s,Pump Area,1.69,False
2026-10-01 20:20:00,V-401,Pump Vibration,mm/s,Pump Area,3.42,True
2026-10-01 20:25:00,V-401,Pump Vibration,mm/s,Pump Area,1.88,False
2026-10-01 20:30:00,V-401,Pump Vibration,mm/s,Pump Area,2.23,False
2026-10-01 20:35:00,V-401,Pump Vibration,mm/s,Pump Area,2.38,False
2026-10-01 20:40:00,V-401,Pump Vibration,mm/s,Pump Area,3.2,False
2026-10-01 20:45:00,V-401,Pump Vibration,mm/s,Pump Area,1.52,False
2026-10-01 20:50:00,V-401,Pump Vibration,mm/s,Pump Area,2.52,False
2026-10-01 20:55:00,V-401,Pump Vibration,mm/s,Pump Area,2.09,False
2026-10-01 21:00:00,V-401,Pump Vibration,mm/s,Pump Area,2.39,False
2026-10-01 21:05:00,V-401,Pump Vibration,mm/s,Pump Area,2.6,False
2026-10-01 21:10:00,V-401,Pump Vibration,mm/s,Pump Area,2.1,False
2026-10-01 21:15:00,V-401,Pump Vibration,mm/s,Pump Area,1.41,False
2026-10-01 21:20:00,V-401,Pump Vibration,mm/s,Pump Area,1.79,False
2026-10-01 21:25:00,V-401,Pump Vibration,mm/s,Pump Area,2.58,False
2026-10-01 21:30:00,V-401,Pump Vibration,mm/s,Pump Area,2.22,False
2026-10-01 21:35:00,V-401,Pump Vibration,mm/s,Pump Area,1.74,False
2026-10-01 21:40:00,V-401,Pump Vibration,mm/s,Pump Area,1.71,False
2026-10-01 21:45:00,V-401,Pump Vibration,mm/s,Pump Area,2.14,True
2026-10-01 21:50:00,V-401,Pump Vibration,mm/s,Pump Area,1.83,False
2026-10-01 21:55:00,V-401,Pump Vibration,mm/s,Pump Area,2.13,False
2026-10-01 22:00:00,V-401,Pump Vibration,mm/s,Pump Area,2.17,False
2026-10-01 22:05:00,V-401,Pump Vibration,mm/s,Pump Area,2.69,False
2026-10-01 22:10:00,V-401,Pump Vibration,mm/s,Pump Area,1.22,False
2026-10-01 22:15:00,V-401,Pump Vibration,mm/s,Pump Area,1.58,False
2026-10-01 22:20:00,V-401,Pump Vibration,mm/s,Pump Area,1.31,False
2026-10-01 22:25:00,V-401,Pump Vibration,mm/s,Pump Area,2.12,False
2026-10-01 22:30:00,V-401,Pump Vibration,mm/s,Pump Area,1.56,False
2026-10-01 22:35:00,V-401,Pump Vibration,mm/s,Pump Area,1.47,False
2026-10-01 22:40:00,V-401,Pump Vibration,mm/s,Pump Area,2.74,True
2026-10-01 22:45:00,V-401,Pump Vibration,mm/s,Pump Area,2.39,False
2026-10-01 22:50:00,V-401,Pump Vibration,mm/s,Pump Area,2.14,False
2026-10-01 22:55:00,V-401,Pump Vibration,mm/s,Pump Area,1.46,False
2026-10-01 23:00:00,V-401,Pump Vibration,mm/s,Pump Area,1.89,False
2026-10-01 23:05:00,V-401,Pump Vibration,mm/s,Pump Area,2.39,False
2026-10-01 23:10:00,V-401,Pump Vibration,mm/s,Pump Area,2.03,False
2026-10-01 23:15:00,V-401,Pump Vibration,mm/s,Pump Area,0.68,False
2026-10-01 23:20:00,V-401,Pump Vibration,mm/s,Pump Area,1.43,False
2026-10-01 23:25:00,V-401,Pump Vibration,mm/s,Pump Area,1.88,False
2026-10-01 23:30:00,V-401,Pump Vibration,mm/s,Pump Area,2.44,False
2026-10-01 23:35:00,V-401,Pump Vibration,mm/s,Pump Area,1.72,False
2026-10-01 23:40:00,V-401,Pump Vibration,mm/s,Pump Area,0.6,False
2026-10-01 23:45:00,V-401,Pump Vibration,mm/s,Pump Area,1.25,False
2026-10-01 23:50:00,V-401,Pump Vibration,mm/s,Pump Area,1.69,False
2026-10-01 23:55:00,V-401,Pump Vibration,mm/s,Pump Area,2.5,False
